Product,OH SKU,OH SRP,SMH SKU,SMH PRICE
824010-9,203039227145,2999,203839229056,3500
824009-11,203039227145,2999,203839229056,3500
W21692-12,203039227745,3999,203839240950,3999
824052-31,203039235198,12999,203839232642,12999
824051-27,203039235197,10999,203839233255,10999
824036-31,203039235190,12999,203839232642,12999
824035-27,203039235189,10999,203839233255,10999
824032-31,203039235186,12999,203839232642,12999
824031-27,203039235185,10999,203839233255,10999
824038-20,203039235176,6999,203839242795,6999
824037-13,203039235175,3999,203839233256,3999
M1724-19,203038240675,7999.75,203839228495,7999.75
1323112-13,203039227747,3999,203839240952,3999
123379-3,203039235392,6999,0,0
123378-3,203039235391,6999,0,0
123376-3,203039235394,6999,0,0
123377-3,203039235393,6999,0,0
W21694-12,203039227735,3999,203839240952,3999
W22062-12,203039232516,6999,203839229052,5000
W1964-12,203039212020,4500,203839229024,4500
W1963-12,203039212020,4500,203839229024,4500
W19185-13,203039227747,3999,203839240952,3999
123050-20,203039234720,19999,0,22999
122044-20G,203039226632,22999.75,203839245140,17999
824004-12,203039214052,4299.75,203839241026,4999
824003-5,203039232457,1499.88,203839229016,1500
824008-7,203039123116,1979.85,203839231950,2000
824011-11,203039214052,4299.75,203839241026,4999
824005-12,203039214052,4299.75,203839241026,4999
824007-5,203039123116,1979.85,203839229016,1500
824006-5,203039123116,1979.85,203839229016,1500
T19148-1,203039229249,5999.75,0,0
1123050-1,203039229251,6999.75,0,0
123428-8,203039235169,6999,203839245135,6999
123426-8,203039235168,6999,203839245136,6999
123412-12,203039235171,10999,203839232688,11999
123406-10,203039235170,8999,203839222595,8999
123416-7,203039235167,6999,203839245136,6999
123414-7,203039235165,6999,203839245135,6999
501993-19CG,203039202875,12999.75,0,0
123435-12,203039235089,11999,203839232688,11999
123498-10,203039235088,8999,203839258792,8999
123497-10,203039235087,8999,203839258792,8999
123381-11,203039232516,6999,203839245135,6999
123382-12,203039232518,7999,203839223720,7999
824001-13,203039214053,4799.75,203839241026,4999
DS1952-20,203039201549,17999,203839223716,17999
W22035-25,203039230980,12999,203839242115,12999
W22032-25,203039230980,12999,203839242112,12999
W22031-25,203039230980,12999,203839242111,12999
122050-15,203039230980,12999,203839229027,7000
122038-8,203039129027,6999.75,203839245135,6999
122037-8,203039129027,6999.75,203839245134,6999
W21360-8,203039232064,2799,203839243401,2799
122049-15,203039230980,12999,203839229027,7000
122009-8,203039188114,3499.88,203839229056,3500
W21359-8,203039232064,2799,203839243400,2799
123354-10,203039233035,9999,203839260593,9999
123424-12,203039230980,12999,203839232688,11999
122019-8,203039230980,12999,203839229027,7000
122020-8,203039230980,12999,203839229027,7000
W22019-25,203039230980,12999,203839242109,12999
122048-15,203039230980,12999,203839229027,7000
SW21680-12,203039227686,3999,203839240952,3999
SW21054-12,203039227686,3999,203839240952,3999
W18364-10,203039224580,2499.88,0,0
W18353-9,203039193632,1999.88,0,0
703209-3,203039186019,6499.88,0,0
M1853-27,203039232125,7999,203839233255,10999
M1853-22,203039228068,6999,203839195452,9999.75
M1769-12,203039104679,2999.88,203839231947,3500
M1767-12,203039104679,2999.88,203839231945,3500
502905-10,203039186092,4999.88,203839229027,7000
1741701-14,203039146360,7000,203839229022,8000
M21012-19,203039195551,12999.75,203839232642,12999
M1511-12,203039129022,3999.75,203839136866,3999.75
123405-10,203039234719,9999,203839260593,9999
1323006-5,203039228409,899,203839245160,899
1323005-5,203039228409,899,203839245160,899
123016-20,203039226633,22999.75,203839222615,14999
123479-8,203039197336,6999.75,203839222602,6999
123437-16,203039233034,18999,203839222615,14999
123127-10,203039223843,8999.75,0,0
123326-10,203039233036,9999,203839223699,9999
123325-10,203039233035,9999,203839223699,9999
123392-5,203039223848,4999.75,203839241026,4999
1323013-12,203039201972,10999.75,203839232640,10999
1323012-12,203039201972,10999.75,203839232640,10999
123448-4,203039231878,2799,203839243401,2799
123447-4,203039231877,2799,203839243400,2799
123446-4,203039231876,2799,203839243402,2799
123443-4,203039231876,2799,203839243401,2799
123005-18,203039227044,9999,203839223699,9999
123124-7,203039197338,6999.75,203839217974,6999
123123-12,203039226637,12999.75,203839232688,11999
M1917-29,203039162156,9999.75,203839204044,9995
M1947-15,203039214053,4799.75,203839195149,4999.75
M1657-19,203039129023,6999.75,203839136867,6999.75
M1656-12,203039129020,3999.75,203839136864,3999.75
M1654-12,203039129016,3999.75,203839136866,3999.75
123064-12,203039230980,12999,203839232688,11999
123206-10,203039231484,7999,0,0
1323014-12,203039201972,10999.75,203839232640,10999
1323017-12,203039201972,10999.75,203839232640,10999
D16641-14,203039230979,12999,203839222596,12950
123114-12,203039223847,8999.75,203839223720,7999
123339-7,203039231483,5999,0,0
D16642-13,203039183923,8499.88,203839229050,8000
M1919-29,203039194861,9999.75,203839195150,9995
502789-16,203039223110,9999,203839204044,9995
122039-8,203039197338,6999.75,203839245136,6999
123297-10,203039233035,9999,203839260594,9999
123259-10,203039231872,7999,203839223720,7999
M1706-12,203039129014,3999.75,203839136866,3999.75
123045-20,203039226634,22999.75,203839222616,24999
123141-6,203039226639,5999.75,203839232687,5999
123140-6,203039226639,5999.75,203839232687,5999
123043-20,203039226635,22999.75,203839222616,24999
123042-20,203039226635,22999.75,203839222616,24999
123009-18,203039227044,9999,203839223699,9999
123003-18,203039209746,14999.75,203839222615,14999
M1719-19,203039129021,6999.75,203839136867,6999.75
M1725-19,203039112647,7999.75,203839147352,7999.75
123039-20,203039209746,14999.75,203839222615,14999
123019-20,203039226635,22999.75,203839222616,24999
123017-20,203039226633,22999.75,203839222616,24999
822017-17,203039129017,6999.75,203839242795,6999
123098-3,203039232065,2799,203839243401,2799
D18214-11,203039232517,7999,203839223650,4999
822016-17,203039129023,6999.75,203839242795,6999
171577-7,203039232458,2999.85,203839229039,3000
501868-10,203039232455,4000,203839231932,4000
RD16404-9,203039232453,7499.88,203839229022,8000
123055-4,203039231877,2799,203839243402,2799
123058-4,203039231877,2799,203839243402,2799
W1792-11,203039152468,3299,0,0
W16493-13,203039142113,5999,0,0
W16492-13,203039142113,5999,0,0
DS1896-23,203039201546,11499.88,0,0
DS17202-20,203039181431,9999.88,203839222620,19995
D18136-20,203039209746,14999.75,203839186328,14999.75
123257-10,203039197339,7999.75,203839223720,7999
123197-10,203039231872,7999,203839246229,7999
M1917-34,203039194856,12999.75,203839204045,12950
123162-8,203010426521,3999,203839232685,3999
123160-8,203010426521,3999,203839232685,3999
123243-8,203039231875,5999,203839246232,5999
123242-8,203039231874,5999,203839246231,5999
123241-8,203039231873,5999,203839246230,5999
123224-10,203039197339,7999.75,203839223720,7999
M1707-12,203039129022,3999.75,203839136866,3999.75
M1706-19,203039129015,6999.75,203839136867,6999.75
M1704-19,203039129021,6999.75,203839136865,6999.75
M1704-12,203039129020,3999.75,203839136864,3999.75
M21052-16,203039129027,6999.75,203839233254,6999
123181-8,203039223842,3999.75,203839223678,3999
123106-8,203039208870,6999.75,203839188156,6999
123104-8,203039208870,6999.75,203839186937,6999
123022-21,203039209746,14999.75,203839222615,14999
D1991-12,203039220525,9999.75,203839229018,6000
123026-20,203039226634,22999.75,203839222616,24999
T1964-2,203039179718,3999.88,0,0
123126-12,203039226641,12999.75,203839232688,11999
123002-18,203039209746,14999.75,203839222615,14999
D21061-12,203039226637,12999.75,203839232688,11999
123046-20,203039226633,22999.75,0,0
123004-18,203039209746,14999.75,203839222615,14999
501908-18,203039226082,5999.75,0,0
123118-7,203039197338,6999.75,203839217974,6999
123117-12,203039226637,12999.75,203839232688,11999
123116-7,203039197338,6999.75,203839222602,6999
123258-10,203039230219,4999,203839258790,7999
123256-10,203039230219,4999,203839258790,7999
123120-12,203039226637,12999.75,203839232688,11999
1322089-8,203010426518,2299,203839245152,2299
1322088-8,203010426518,2299,203839245151,2299
D18141-8,203039197339,7999.75,203839186327,7999.75
D18119-10,203039197337,6999.75,203839245136,6999
123111-12,203039223733,12999.75,203839232688,11999
D1986-12,203039220525,9999.75,203839229018,6000
D1985-12,203039220525,9999.75,203839229018,6000
M1724-12,203039160230,3999.75,0,0
823001-32,203039202876,14999.75,203839222615,14999
W22034-25,203039227040,12999,203839242114,12999
M22008-9,203039227326,5999,203839242081,5999
D18142-8,203039197342,7999.75,203839186327,7999.75
123150-8,203039223842,3999.75,203839232685,3999
123149-10,203039230217,4999,203839233512,4999
123148-8,203039223842,3999.75,203839232685,3999
123030-20,203039201545,14999.75,203839222615,14999
123047-20,203039226632,22999.75,203839222615,14999
5021143-11,203038240670,12950,203839231934,12950
T18120-2,203039186981,2499.88,0,0
T18109-1WH,203039186994,749.88,0,0
TS19100-1,203039200541,909.83,0,0
RT15349-2,203039153025,1000,0,0
D16389-6,203039128272,1000,0,0
T1864-1,203039225198,1299,0,0
T18220-1,203039195823,1399.88,0,0
T18221-1,203039195822,1399.88,0,0
T18176-2WH,203039193618,1499.88,0,0
T1855-2BK,203039179706,1499.88,0,0
T1930-1,203039195816,1609.83,0,0
T1673-2,203039112623,1649.88,0,0
T1669-2,203039112621,1649.88,0,0
M1513-12,203038336395,1999.88,203839231937,1999
W16195-10,203039227126,2000,203839231959,2000
1322076-8,203010426513,2299,0,0
M1524-9,203039106342,2500,203839231942,2500
M1771-13,203039146344,4000,203839231949,4000
W18294-15,203039227135,4999,203839223660,4999
T1808-2G,203039186020,6499.88,0,0
D16391-6,203039121860,7299.75,203839186327,7999.75
M1852-15,203039203999,7999.75,203839147352,7999.75
M1855-15,203039202882,7999.75,203839147352,7999.75
M1854-15,203039202879,7999.75,203839147352,7999.75
M1852-22,203039204000,9999.75,203839195452,9999.75
M1540-36,203038240679,12999.75,203839147350,12999.75
M1536-34,203038240674,12999.75,203839147350,12999.75
D19125-15,203039211428,13999.83,0,0
D18120-10,203039201545,14999.75,0,0
D20057-13,203039223725,17999.75,0,0
M1845-13,203039201544,17999.75,0,0
D1935-13,203039211090,19999.75,0,0
D20106-17,203039227098,22999.75,0,0
D20104-15,203039227097,22999.75,0,0
D21038-20,203039226635,22999.75,0,0
D21037-20,203039226634,22999.75,0,0
D20063-13,203039223727,22999.75,0,0
M21010-18,203039227153,10999,203839233255,10999
D18162-10,203039230981,8999,203839222604,8999
D1833-11,203039219582,8999.75,203839222602,6999
D1828-11,203039219582,8999.75,203839222602,6999
123052-20,203039226633,22999.75,203839222615,14999
T18124-1,203039194422,1999.88,0,0
TS18111-2BK,203039186997,1499.88,0,0
TS19123-1,203039210736,2999.75,0,0
122046-20,203039226634,22999.75,0,0
W15327-8,203039193997,1499.88,203839229034,1500
1323004-5,203039228409,899,203839245160,899
1323002-5,203039228409,899,203839245159,899
1323001-5,203039228409,899,203839245159,899
M1702-12,203039129014,3999.75,0,0
C20018-1,203039170812,1999.75,0,0
TS18111-2WH,203039186998,1499.88,0,0
1175637-6NB-8,203039161046,2999.88,203839229024,4500
1086030-10BK,203039212020,4500,203839229018,6000
1086029-10BK,203039212020,4497.5,203839231924,6000
1086028-10BK,203039212020,4500,203839231923,4500
1086026-10WH,203039212020,4500,203839231922,4500
1086026-10BK,203039212020,4500,203839231921,4500
W18215-12,203039219807,3299.75,203839229062,2500
T1848-2,203039179716,3009.83,0,0
122043-20,203039226633,22999.75,0,0
122036-8,203039197336,6999.75,0,0
122035-8,203039197336,6999.75,0,0
122034-8,203039197336,6999.75,0,0
T1860-1WH,203039178457,1249.88,0,0
T1858-1BK,203039179712,1249.88,0,0
W15205-16,203039179950,1899.88,203839231937,1999
M1708-19,203039162064,6999.75,203839136867,6999.75
M1708-12,203039162063,3999.75,203839136866,3999.75
M1705-19,203039129017,6999.75,203839136867,6999.75
T1858-1WH,203039179711,1249.88,0,0
T1857-1WH,203039179709,1249.88,0,0
T1855-2WH,203039179705,1499.88,0,0
1322098-10,203010426522,3999,203839240950,3999
1322095-9,203010426520,2799,203839243400,2799
D19126-15,203039211429,13999.83,0,0
W21007-6,203039226111,1499.75,203839231937,1999
M1909-35,203039195551,12999.75,203839210809,12999.75
M1909-29,203039195550,10999.75,203839232640,10999
M1909-24,203039195549,7999.75,203839228495,7999
122047-20,203039226634,22999.75,203839245142,22999
M1851-20,203039194861,9999.75,203839147351,9999.75
M1856-27,203039202887,10999.75,203839233255,10999
BM1913-19,203039208859,5999.75,203839204042,5999.75
D21023-10G,203039226629,8999.75,203839258792,8999
W21420-8,203039227730,2799,203839243400,2799
W21389-8,203039227722,2799,203839243400,2799
W21378-8,203039227717,2799,203839243400,2799
W21363-8,203039227714,2799,203839243400,2799
W21362-8,203039227713,2799,203839243400,2799
W21430-8,203039227748,2999,203839258786,2999
M1856-22,203039202886,9999.75,203839147351,9999.75
M21011-20,203039228064,12999,203839232641,12999
D20042-12,203039208872,7999.75,203839147352,7999.75
M21022-10,203039227153,10999,203839233255,10999
M1855-27,203039202884,10999.75,203839233255,10999
D22001-8,203039197336,6999.75,203839240954,6999
W21168-8,203039228235,2299,203839240211,2299
W21166-8,203039228235,2299,203839240210,2299
M21030-34,203039228066,12999,203839232642,12999
M21028-34,203039228064,12999,203839232642,12999
M1919-34,203038240674,12999.75,203839223675,12950
M21053-23,203039204001,6599.85,203839233255,10999
M21051-10,203039227148,3999,203839233256,3999
M1511-21,203038336402,6999.75,203839136867,6999.75
M1705-12,203039129016,3999.75,203839136866,3999.75
M1703-19,203039162054,6999.75,203839136865,6999.75
M1512-21,203038336398,3499.88,203839152460,3799.75
M1703-12,203039162053,3999.75,203839136864,3999.75
M1541-29,203038240683,9999.75,203839147351,9999.75
D16623-13,203039212019,11500,203839186332,11995
M1707-19,203039162062,6999.75,203839136867,6999.75
M1789-12,203039184393,2400,203839231962,2500
M1853-15,203039204002,7999.75,203839147352,7999.75
M1849-29,203039194858,12999.75,203839210809,12999.75
W21688-12,203039227737,3999,203839240950,3999
M1853-22N,203039204003,9999.75,203839147351,9999.75
D20046-10,203039223732,12999.75,203839245131,12999
M1855-22,203039202883,9999.75,203839147351,9999.75
W21687-8,203039227739,2299,203810430246,2299
W21719-8,203039227742,2299,203839240211,2299
M1852-27,203039204001,10999.75,203839233255,10999
W21721-8,203039227743,2299,203839240210,2299
W21690-12,203039227741,3999,203839240950,3999
W21686-8,203039227738,2299,203810430246,2299
W21685-8,203039227734,2299,203810430246,2299
M1653-12,203039129014,3999.75,203839136864,3999.75
W21689-12,203039227740,3999,203839243022,3999
W21683-8,203039227733,2299,203839240211,2299
W21682-12,203039227735,3999,203839240950,3999
M1654-19,203039129017,6999.75,203839136867,6999.75
M1653-19,203039129015,6999.75,203839136865,6999.75
W21537-7,203039228239,2299,203839245149,2299
W21535-7,203039228237,2299,203839245148,2299
W21161-6,203039227322,1499,203839231937,1999
M21009-18,203039227154,10999,203839232640,10999
M21004-8,203039227149,3999,203839232636,3999
M1956-18,203039223108,5999,203839228490,5999
M21005-10,203039227326,5999,203839232639,5999
W21534-7,203039228236,2299,203810430246,2299
W21164-10,203039227329,2999,203839240210,2999
W21046-12,203039227689,3999,203839240952,3999
W21043-12,203039227686,3999,203839240950,3999
M21007-10,203039227325,5999,203839232638,5999
M21006-10,203039227324,5999,203839232637,5999
M21003-7,203039227148,3999,203839232636,3999
M1537-24,203038240675,7999.75,203839147352,7999.75
W1981-16,203039209738,3999.75,203839240950,3999
W19208-13,203039227746,3999,203839217962,3299.75
W21160-6,203039227320,1499,203839231937,1999
M1638-24,203039112647,7999.75,203839147352,7999.75
W19202-13,203039227746,3999,203839217962,3299.75
M1953-26,203039226083,7999.75,203839228495,7999.75
W21051-12,203039227694,3999,203839240950,3999
M1951-11,203039223850,2999.75,203839229626,2999.75
W21609-4,203039228411,899,203839229060,1000
M1958-32,203039223110,9999,203839228492,9999
M1952-18,203039226082,5999.75,203839228494,5999
M1638-34,203039112646,12999.75,203839147350,12999.75
W21049-12,203039227692,3999,203839240950,3999
W21038-9,203039227308,2799,203839243401,2799
W21035-9,203039227306,2799,203839243400,2799
W21037-9,203039227307,2799,203839243401,2799
W21034-9,203039227305,2799,203839243401,2799
M1955-11,203039223849,2999.75,203839229625,2999.75
M1640-18,203039129027,6999.75,203839136865,6999.75
W21001-10,203039226110,2799.75,203839243401,2799
M21057-12,203039228067,3999,203839136866,3999.75
M21029-29,203039228065,10999,203839233255,10999
M1957-26,203039223109,7999,203839228491,7999
M1640-12,203039129026,3999.75,203839136864,3999.75
M1954-32,203039223112,9999.75,203839228496,9999
M1639-18,203039129025,6999.75,203839136867,6999.75
M21027-29,203039228063,10999,203839233255,10999
M1657-12,203039129022,3999.75,203839136864,3999.75
M1656-19,203039129021,6999.75,203839136865,6999.75
M1639-12,203039129024,3999.75,203839136866,3999.75
M21059-27,203039228069,10999,203839233255,10999
M1625-12,203039107641,3999.75,203839136864,3999.75
M21058-19,203039228068,6999,203839136867,6999.75
M1625-19,203039107642,6999.75,203839136865,6999.75
1323092-13,0,0,203839240952,3999
1323078-13,0,0,203839245158,3999
124145-15,0,0,203839260697,12999
124144-15,0,0,203839260696,12999
124143-15,0,0,203839260695,12999
124165-8,0,0,203839260694,6999
124162-8,0,0,203839260693,6999
124129-10,0,0,203839260690,6999
124128-10,0,0,203839260689,6999
124124-8,0,0,203839260688,5999
124103-4,0,0,203839260692,2299
124102-4,0,0,203839260691,2299
1324246-12,0,0,203839260573,6999
1324244-12,0,0,203839260572,6999
124085-12,0,0,203839260571,11999
123364-15,0,0,203839260592,12999
123363-15,0,0,203839260591,12999
123368-15,0,0,203839260590,12999
123358-15,0,0,203839260589,12999
123357-15,0,0,203839260588,12999
123356-10,0,0,203839260594,9999
124020-12,0,0,203839258789,9999
124013-12,0,0,203839258791,9999
1324175-15,0,0,203839258784,6999
1324172-15,0,0,203839258783,6999
1324169-8,0,0,203839258786,2999
1324167-8,0,0,203839258785,2999
124031-15,0,0,203839258788,8999
124029-15,0,0,203839258787,8999
D1950-7G,0,0,203839186327,7999.75
D16508-5,0,0,203839229049,2000
D1993-12,0,0,203839229018,6000
W1957-16,0,0,203839229024,4500
W21137-8,0,0,203839231957,3500
W21134-8,0,0,203839231957,3500
W21133-8,0,0,203839231957,3500
W19215-16,0,0,203839231955,2800
W19218-16,0,0,203839231955,2800
W19217-16,0,0,203839231955,2800
122008-8,0,0,203839229056,3500
W22066-12,0,0,203839229052,5000
D16490-8,0,0,203839247481,39999
D19109-13,0,0,203839247479,29999
123074-3,0,0,203839243402,2799
123072-3,0,0,203839243400,2799
123040-20,0,0,203839222615,14999
122045-20,0,0,203839245141,17999
122044-20,0,0,203839245140,17999
WS19124-7,0,0,203839231950,2000
D22002-6,0,0,203839233513,4999
123218-10,0,0,203839233513,4999
123161-10,0,0,203839233512,4999
D16382-8,0,0,203839229017,2000
M1779-13,203038240683,4997.5,0,0
124095-10,203039238677,8999,0,0
524011-6,203039234711,4999,0,0
524016-3,203039234713,3999,0,0
524015-3,203039234713,3999,0,0
524014-6,203039234711,4999,0,0
524012-6,203039234711,4999,0,0
924054-2,203039236890,1799,0,0
924055-2,203039236890,1799,0,0
924053-2,203039236891,1799,0,0
924056-2,203039236890,1799,0,0
924045-2,203039236891,1799,0,0
124093-10,203039223845,8999,0,0
124157-10,203039236884,8999,0,0
124161-10,203039236884,8999,0,0
1324094-12,203039227745,3999,0,0
1323065-13,203039227745,3999,0,0
1323108-13,203039227745,3999,0,0
5021127-10,203039235185,10999,0,0
124086-12,203039237128,9999,0,0
124010-12,203039237127,9999,0,0
1323063-13,203039227747,3999,0,0
1323069-13,203039227747,3999,0,0
1323106-13,203039227747,3999,0,0
1323055-13,203039227747,3999,0,0
1323107-13,203039227747,3999,0,0
1324093-12,203039227747,3999,0,0
1324086-12,203039227747,3999,0,0
1324080-12,203039227747,3999,0,0
1324082-12,203039227747,3999,0,0
1324091-12,203039227747,3999,0,0
1324087-12,203039227747,3999,0,0
SW22040-25,203039227040,12999,0,0
501430-21,203039227145,2999,0,0
502863-16,203039146364,8975,0,0
5011132-10,203039146364,8975,0,0
124149-8,203039238155,4999,0,0
124148-8,203039238154,4999,0,0
124140-15,203039238163,8999,0,0
124139-15,203039238162,8999,0,0
124168-15,203039238161,16999,0,0
124166-12,203039238160,9999,0,0
124159-10,203039238159,8999,0,0
124158-10,203039238158,8999,0,0
124178-8,203039238152,5999,0,0
124177-6,203039238151,3999,0,0
124127-10,203039238157,6999,0,0
124126-10,203039238156,6999,0,0
124120-8,203039238153,5999,0,0
124114-4,203039238150,2299,0,0
124112-4,203039238149,2299,0,0
124113-4,203039238148,2299,0,0
124111-4,203039238147,2299,0,0
124106-4,203039238146,2299,0,0
124088-10,203039236480,8999,0,0
1324156-15,203039237124,4999,0,0
1324146-15,203039237123,4999,0,0
1324143-15,203039237126,4999,0,0
1324141-15,203039237125,4999,0,0
1324160-15,203039237122,4999,0,0
SW22018-25,203039230980,12999,0,0
823016-10,203039235265,10999,0,0
123372-17,203039235262,22999,0,0
123309-12,203039235261,17999,0,0
123308-12,203039235260,17999,0,0
123410-12,203039235263,11999,0,0
124041-12,203039235263,11999,0,0
123094-4,203039231878,2799,0,0
123093-4,203039231877,2799,0,0
123092-4,203039231876,2799,0,0
123409-10,203039235170,8999,0,0
123407-10,203039235170,8999,0,0
924019-2,203039235386,2999,0,0
924016-3,203039235385,2999,0,0
924017-3,203039235385,2999,0,0
924014-3,203039235385,2999,0,0
924013-3,203039235385,2999,0,0
924012-3,203039235385,2999,0,0
1324207-4,203039236496,1499,0,0
1324206-4,203039236495,1499,0,0
1324199-4,203039236494,1499,0,0
1324198-4,203039236493,1499,0,0
1324241-4,203039236491,1499,0,0
1324240-4,203039236490,1499,0,0
1324239-4,203039236492,1499,0,0
924052-2,203039236890,1799,0,0
924051-2,203039236890,1799,0,0
924050-2,203039236890,1799,0,0
924049-2,203039236891,1799,0,0
924061-2,203039236892,1799,0,0
924060-2,203039236891,1799,0,0
924059-2,203039236890,1799,0,0
924058-2,203039236889,1799,0,0
924057-2,203039236888,1799,0,0
124011-12,203039236887,9999,0,0
124046-10,203039236886,8999,0,0
124057-10,203039236885,8999,0,0
124056-10,203039236884,8999,0,0
124049-10,203039236883,8999,0,0
124048-10,203039236882,8999,0,0
1324004-10,203039235258,5999,0,0
1324060-10,203039235259,5999,0,0
1324063-23,203039235092,7999,0,0
1324062-23,203039235092,7999,0,0
D1517-13,203039211084,17999.75,0,0
1123144-1,203039234712,4999,0,0
1123143-1,203039234712,4999,0,0
1123139-1,203039219775,3999.75,0,0
1123138-1,203039219775,3999.75,0,0
502904-10,203039146355,6000,0,0
501995-16MB,203039223110,9999,0,0
824002-7,203039123116,1979.85,0,0
123427-10,203039235264,9999,0,0
123501-12,203039235263,11999,0,0
M1846-19,203039107642,6999.75,0,0
524005-6,203039235686,4999,0,0
524006-8,203039235687,5999,0,0
524003-7,203039235687,5999,0,0
524001-6,203039235687,5999,0,0
D22011-10,203039232125,7999,0,0
1123145-1,203039204152,5999.75,0,0
124055-10,203039236480,8999,0,0
124033-15,203039236482,17999,0,0
124032-15,203039236481,17999,0,0
124034-10,203039236479,12999,0,0
124035-10,203039236479,12999,0,0
924069-1,203039236489,99,0,0
924068-1,203039236488,149,0,0
924067-1,203039236487,149,0,0
924066-1,203039236486,179,0,0
924065-1,203039236485,179,0,0
1324231-4,203039236496,1499,0,0
1324230-4,203039236495,1499,0,0
1324223-4,203039236494,1499,0,0
1324222-4,203039236493,1499,0,0
1324217-4,203039236491,1499,0,0
1324216-4,203039236490,1499,0,0
1324215-4,203039236492,1499,0,0
924079-1,203039236483,599,0,0
924078-1,203039236484,799,0,0
1324003-12,203039235174,10999,0,0
1324052-10,203039235173,5999,0,0
1324006-10,203039235172,5999,0,0
1324051-10,203039235172,5999,0,0
1324194-8,203039235690,2999,0,0
1324193-10,203039235691,4999,0,0
1324192-8,203039235690,2999,0,0
124044-15,203039235693,14999,0,0
124042-16,203039235692,14999,0,0
524010-4,203039235689,2999,0,0
524009-4,203039235689,2999,0,0
524007-4,203039235688,2999,0,0
524008-4,203039235688,2999,0,0
524004-6,203039235686,4999,0,0
524002-6,203039235687,5999,0,0
924091-3,203039235697,1299,0,0
924090-5,203039235696,1799,0,0
924026-2,203039235695,899,0,0
924025-3,203039235694,999,0,0
1123135-1,203039229251,6999.75,0,0
1123134-1,203039229251,6999.75,0,0
1123137-1,203039229251,6999.75,0,0
1123136-1,203039229251,6999.75,0,0
T21011-1,203039223910,2999.75,0,0
T21010-1,203039208864,2299.75,0,0
T21005-2,203039208864,2299.75,0,0
T19149-1,203039229250,5999.75,0,0
1123049-1,203039229251,6999.75,0,0
124079-10,203039233034,18999,0,0
123415-12,203039235166,11999,0,0
924024-3,203039235384,2999,0,0
924023-3,203039235384,2999,0,0
924021-2,203039235386,2999,0,0
924020-2,203039235386,2999,0,0
924011-3,203039235385,2999,0,0
924010-3,203039235385,2999,0,0
924009-3,203039235385,2999,0,0
924008-3,203039235385,2999,0,0
924007-3,203039235385,2999,0,0
924018-2,203039235386,2999,0,0
924015-3,203039235385,2999,0,0
924022-3,203039235384,2999,0,0
1324019-7,203039235409,4999,0,0
1324057-7,203039235408,4999,0,0
M1761-29,203039195551,12999.75,0,0
M1761-19,203039112647,7999.75,0,0
501869-14,203039202876,14999.75,0,0
1123128-1,203039234731,2299,0,0
1123142-1,203039235268,2999,0,0
1123141-1,203039235267,3999,0,0
1123140-2,203039235266,5999,0,0
1124001-1,203039234731,2299,0,0
T19133-2,203039229253,6999.75,0,0
M1719-12,203039129016,3999.75,0,0
M1721-12,203039129014,3999.75,0,0
1324010-20,203039235095,12999,0,0
1324054-20,203039235094,12999,0,0
1324009-7,203039235093,5999,0,0
1324011-10,203039235092,7999,0,0
1324053-7,203039235091,5999,0,0
123367-15,203039235086,12999,0,0
123366-15,203039235085,12999,0,0
123365-15,203039235084,12999,0,0
123434-12,203039235090,11999,0,0
923032-2,203039235083,2999,0,0
923031-2,203039235082,2999,0,0
SD21052-10,203039230219,4999,0,0
D16594-13,203039183923,8499.88,0,0
1322041-8,203039227742,2299,0,0
1123129-1,203039234732,2299,0,0
1123127-1,203039234731,2299,0,0
1323139-12,203039194345,7999.75,0,0
1323137-12,203039194345,7999.75,0,0
123329-24,203039231321,22999,0,0
123328-24,203039231321,22999,0,0
123327-24,203039231321,22999,0,0
1322079-8,203039227733,2299,0,0
1175125-13,203039223725,17999.75,0,0
1175116-10,203039230979,12999,0,0
1323135-12,203039233035,9999,0,0
123301-12,203039230981,8999,0,0
1123130-1,203039234733,2299,0,0
W18191-8,203039193632,1999.88,0,0
5021122-10,203039183923,8499.88,0,0
123432-20,203039226633,22999.75,0,0
123312-23,203039234723,29999,0,0
123310-13,203039234721,19999,0,0
123306-13,203039234720,19999,0,0
123305-10,203039234722,14999,0,0
123336-20,203039234819,14999,0,0
123331-15,203039234820,12999,0,0
123404-10,203039234718,9999,0,0
923034-3,203039234730,3999,0,0
923033-3,203039234729,3999,0,0
1124003-1,203039234733,2299,0,0
1124002-1,203039234732,2299,0,0
1123126-1,203039234731,2299,0,0
1123122-1M,203039234717,1799,0,0
1123122-1L,203039234716,2799,0,0
1223102-2,203039234715,2299,0,0
1223101-3,203039234714,2799,0,0
523005-4,203039234713,3999,0,0
523004-6,203039234712,4999,0,0
523003-7,203039234711,4999,0,0
T1730-1,203039160306,1299.75,0,0
T16305-1WH,203039193608,1499.88,0,0
822003-12,203039129022,3999.75,0,0
523006-10,203039160205,7999.75,0,0
523002-8,203039186973,5999.75,0,0
523001-8,203039186973,5999.75,0,0
TS1969-1,203039229251,6999.75,0,0
T1643-1,203039195823,2799.75,0,0
123495-12,203039226631,12999.75,0,0
123494-12,203039226631,12999.75,0,0
123493-12,203039226631,12999.75,0,0
D22010-12,203039226631,12999.75,0,0
123481-8,203039197338,6999.75,0,0
123480-8,203039197337,6999.75,0,0
123478-8,203039197338,6999.75,0,0
123477-8,203039197337,6999.75,0,0
123476-8,203039197336,6999.75,0,0
123469-8,203039197338,6999.75,0,0
123468-8,203039197337,6999.75,0,0
123467-8,203039197336,6999.75,0,0
123463-6,203039230218,4999,0,0
123462-6,203039230217,4999,0,0
123461-6,203039230216,4999,0,0
123454-6,203039230218,4999,0,0
123453-6,203039230217,4999,0,0
123452-6,203039230216,4999,0,0
123451-4,203039231878,2799,0,0
123450-4,203039231877,2799,0,0
123449-4,203039231876,2799,0,0
123429-20,203039226633,22999.75,0,0
123419-7,203039197338,6999.75,0,0
123418-12,203039226637,12999.75,0,0
123417-7,203039197338,6999.75,0,0
123394-5,203039223848,4999.75,0,0
123393-5,203039223848,4999.75,0,0
123388-5,203039223848,4999.75,0,0
123387-5,203039223848,4999.75,0,0
123386-5,203039223848,4999.75,0,0
123300-12,203039233864,9999,0,0
123299-12,203039233865,9999,0,0
123508-4,203039231878,2799,0,0
123507-4,203039231877,2799,0,0
123506-4,203039231876,2799,0,0
123445-4,203039231878,2799,0,0
123444-4,203039231877,2799,0,0
123442-4,203039231878,2799,0,0
123441-4,203039231877,2799,0,0
123440-4,203039231876,2799,0,0
123334-15,203039233931,12999,0,0
123333-15,203039233930,12999,0,0
123191-10,203039227043,4999,0,0
123209-10,203039227043,4999,0,0
M1725-12,203039107641,3999.75,0,0
5011133-10,203039183923,8499.88,0,0
123135-7,203039197336,6999.75,0,0
123246-8,203010426521,3999,0,0
822009-16,203039214053,4799.75,0,0
1176361-9BR,203039223845,8999.75,0,0
M1665-10,203039228068,6999,0,0
1742055-17,203039123022,5499.88,0,0
D17100-6,203039226639,5999.75,0,0
123212-10,203039231484,7999,0,0
1223068-2,203039233836,2299,0,0
1223067-2,203039233835,2499,0,0
1223074-1,203039233840,1999,0,0
1223073-1,203039233839,2299,0,0
1223056-1,203039233838,1999,0,0
1223055-1,203039233837,2299,0,0
1223052-1,203039233834,2299,0,0
1223051-1,203039233833,2499,0,0
1223062-1,203039233832,2299,0,0
1223061-1,203039233831,2499,0,0
1305355-10,203039183923,8499.88,0,0
1323138-12,203039194345,7999.75,0,0
1323136-12,203039194345,7999.75,0,0
923010-2,203039233031,1799,0,0
923014-2,203039233031,1799,0,0
923013-2,203039233031,1799,0,0
923017-2,203039233031,1799,0,0
RD15245-7,203039181427,6499.88,0,0
1177028-6D6,203039223848,4999.75,0,0
W18361-9,203039195070,3799.75,0,0
123244-8,203010426521,3999,0,0
123245-8,203010426521,3999,0,0
123134-8,203039232516,6999,0,0
123136-7,203039232516,6999,0,0
123133-7,203039232516,6999,0,0
SW19324-15,203039209927,9999.75,0,0
SW19323-15,203039209927,9999.75,0,0
123343-7,203039232513,5999,0,0
123338-10,203039231872,7999,0,0
123337-7,203039231483,5999,0,0
123078-10,203039231484,7999,0,0
123210-8,203039208868,3999.75,0,0
123208-8,203039208868,3999.75,0,0
123290-10,203039208871,8999.75,0,0
122015-10,203039201545,14999.75,0,0
1621326-17,203039194347,7999.75,0,0
1621325-17,203039194347,7999.75,0,0
IW1707-7,203039188102,2299.75,0,0
1123044-1,203039160306,1299.75,0,0
1123043-1,203039233028,1499,0,0
T21008-3,203039223906,2999.75,0,0
T21171-1,203039223908,2999.75,0,0
T21172-1,203039223908,2999.75,0,0
123263-10,203039232124,7999,0,0
123262-10,203039232123,7999,0,0
123264-10,203039232125,7999,0,0
123298-10,203039233036,9999,0,0
123321-16,203039233034,18999,0,0
923016-2,203039233033,1799,0,0
923015-2,203039233032,1799,0,0
923012-2,203039233031,1799,0,0
923011-2,203039233030,1799,0,0
1123042-1,203039233029,1499,0,0
1123041-1,203039233028,1499,0,0
T16169-1,203039223913,1999.75,0,0
T15163-1,203039223913,1999.75,0,0
T16233-1,203039170820,999.75,0,0
1123036-2,203039208866,3999.75,0,0
1123035-2,203039208866,3999.75,0,0
T1894-2,203039219583,7999.75,0,0
1123052-1,203039219583,7999.75,0,0
1123051-1,203039231320,8999,0,0
1322080-8,203010426519,2299,0,0
O1803-1,203010423177,299.75,0,0
O20025-1,203010423177,299.75,0,0
O20028-1,203010423177,299.75,0,0
O20027-1,203010423177,299.75,0,0
O20021-1,203010423177,299.75,0,0
O20020-1,203010423177,299.75,0,0
SW22047-25,203039227040,12999,0,0
123049-20,203039226633,22999.75,0,0
1223025-2,203039208864,2299.75,0,0
1223024-2,203039194875,2499.75,0,0
123080-13,203039232518,7999,0,0
122016-10,203039220456,14999.75,0,0
123278-8,203039230216,4999,0,0
5021140-16S,203038297887,11950,0,0
D20062-5,203039223723,6999.75,0,0
1175385-10,203039142116,6499.88,0,0
C1726-7,203039160215,6999.75,0,0
SD20038-13,203039211091,19999.75,0,0
M1723-19,203039112647,7999.75,0,0
C1820-6WH,203039170815,1999.75,0,0
822019-20,203039129015,6999.75,0,0
822008-15,203039214053,4799.75,0,0
O20031-1,203010423177,299.75,0,0
O20026-1,203010423177,299.75,0,0
O20023-1,203010423177,299.75,0,0
O20022-1,203010423177,299.75,0,0
O1827-1,203010423177,299.75,0,0
123100-3,203039232067,2799,0,0
123099-3,203039232066,2799,0,0
123077-3,203039232064,2799,0,0
123076-3,203039232063,2799,0,0
123075-3,203039232062,2799,0,0
123342-7,203039232515,5999,0,0
123341-10,203039232514,7999,0,0
123340-7,203039232513,5999,0,0
122030-11,203039232518,7999,0,0
123079-10,203039232516,6999,0,0
1123040-1,203039232522,1499,0,0
1123039-1,203039232521,2299,0,0
1123038-1,203039232520,2999,0,0
1123037-1,203039232519,2499,0,0
923009-3,203039232511,3999,0,0
923008-3,203039232510,3999,0,0
RD15248-8,203039232451,4997.5,0,0
1505419-23M,203039201552,8999.88,0,0
123110-7,203039208870,6999.75,0,0
123112-7,203039208870,6999.75,0,0
T1549-4,203039186019,6499.88,0,0
T1546-4,203039179943,4800,0,0
123018-20,203039209746,14999.75,0,0
RD16407-13,203039186092,4999.88,0,0
501745-14,203039129016,3999.75,0,0
D18197-22,203039201553,11499.88,0,0
D16409-10,203039123022,5499.88,0,0
T19162-1,203039222020,3299.75,0,0
C22003-3,203039230779,3999,0,0
C22002-4,203039230778,3999,0,0
W16495-6,203039232460,4499.88,0,0
RW16333-6,203039232459,4499.88,0,0
W15232-11,203039227327,2999,0,0
T1957-1,203039153029,3500,0,0
T1698-1,203039119393,2400,0,0
123062-4,203039231876,2799,0,0
123060-4,203039231876,2799,0,0
C1908-2,203039208856,999.75,0,0
123233-10,203039230219,4999,0,0
123108-10,203039226637,12999.75,0,0
123255-10,203039208874,7999.75,0,0
123195-8,203039226638,5999.75,0,0
123193-8,203039226638,5999.75,0,0
123235-8,203039226639,5999.75,0,0
123237-8,203039226638,5999.75,0,0
123006-18,203039209746,14999.75,0,0
123103-8,203039208870,6999.75,0,0
123101-8,203039208870,6999.75,0,0
123236-10,203039230219,4999,0,0
D20094-23,203039211091,19999.75,0,0
D20093-23,203039211090,19999.75,0,0
123204-8,203010426521,3999,0,0
123202-8,203010426521,3999,0,0
D19123-12,203039208873,9999.75,0,0
D19120-9,203039208872,7999.75,0,0
D19130-8,203039208869,3999.75,0,0
D19118-8,203039208868,3999.75,0,0
123094-3,203039231878,2799,0,0
123093-3,203039231877,2799,0,0
123092-3,203039231876,2799,0,0
123023-20,203039226634,22999.75,0,0
123139-10,203039201972,10999.75,0,0
123138-10,203039220523,9999.75,0,0
123065-4,203039231876,2799,0,0
123063-4,203039231876,2799,0,0
123044-20,203039226635,22999.75,0,0
123143-17,203039226640,17999.75,0,0
123279-12,203039220525,9999.75,0,0
123128-12,203039220525,9999.75,0,0
123051-20,203039226633,22999.75,0,0
123053-20,203039226633,22999.75,0,0
123038-20,203039226635,22999.75,0,0
123029-20,203039226635,22999.75,0,0
123125-12,203039226637,12999.75,0,0
123007-18,203039209746,14999.75,0,0
123168-8,203039226638,5999.75,0,0
123167-10,203039197339,7999.75,0,0
123166-8,203039226638,5999.75,0,0
123131-6,203039226638,5999.75,0,0
123130-6,203039226638,5999.75,0,0
123129-6,203039226638,5999.75,0,0
123180-8,203010426521,3999,0,0
123178-8,203010426521,3999,0,0
123102-10,203039226637,12999.75,0,0
123105-10,203039226637,12999.75,0,0
123254-10,203039208872,7999.75,0,0
123121-7,203039197338,6999.75,0,0
123119-7,203039197338,6999.75,0,0
1322106-8,203010426518,2299,0,0
C1838-5,203039194431,9999.75,0,0
1322074-8,203010426517,2299,0,0
1322073-8,203010426517,2299,0,0
1322093-9,203010426520,2799,0,0
1322008-9,203010426520,2799,0,0
T16300-2BK,203039222021,3299.75,0,0
O1843-1,203010426520,2799,0,0
123199-8,203010426521,3999,0,0
123201-8,203010426521,3999,0,0
123207-8,203010426521,3999,0,0
123205-8,203010426521,3999,0,0
123222-8,203010426521,3999,0,0
123220-8,203010426521,3999,0,0
123200-10,203039230219,4999,0,0
RW16330-10,203039193623,3999.75,0,0
M1723-12,203039160230,3999.75,0,0
RD15253-8,203039181433,4999.88,0,0
RD15243-12,203039181428,6499.88,0,0
707212-1WH,203039179705,1499.88,0,0
123165-8,203039226638,5999.75,0,0
123164-10,203039197339,7999.75,0,0
123163-8,203039226638,5999.75,0,0
SW21716-12,203039227741,3999,0,0
1621647-12,203039223720,6999.75,0,0
D20023-5,203039226638,5999.75,0,0
5021142-11,203038240670,9475,0,0
T1936-1,203039209195,249.75,0,0
O1802-1,203010423177,299.75,0,0
T21059-1,203039223918,499.75,0,0
T18205-1,203039194429,499.75,0,0
C1515-2,203039156933,500,0,0
T15295-1,203039102800,679.75,0,0
T1688-1,203039117902,779.85,0,0
R1922-2ASH,203039214059,799.75,0,0
R1921-2,203039214054,799.75,0,0
T18140-1,203039189956,799.75,0,0
T16328-1BK,203039136566,899.88,0,0
1206243-3,203039155591,900,0,0
T1812-1,203039170820,999.75,0,0
C1731-1,203039160222,999.75,0,0
T16200-1,203039135018,1199.75,0,0
W16271-6,203039123107,1200,0,0
C1854-1,203039194440,1299.75,0,0
C1848-2,203039194438,1299.75,0,0
C1808-3,203039170810,1299.75,0,0
C1806-3,203039170808,1299.75,0,0
T16144-1,203039112638,1399.75,0,0
T16196-1,203039126460,1399.88,0,0
T16227-1,203039126458,1399.88,0,0
W19295-6,203039219800,1499.75,0,0
1205517-7,203039155853,1500,0,0
T16315-1BK,203039136570,1599.75,0,0
M1648-12,203039123115,1649.88,0,0
T20067-1,203039223087,1799.75,0,0
TS1993-1,203039200543,1799.75,0,0
T1908-1,203039195819,1999.75,0,0
C1824-4,203039181923,1999.75,0,0
C1830-5,203039170814,1999.75,0,0
C1829-4,203039170811,1999.75,0,0
T16301-1BK,203039132340,1999.75,0,0
T16309-2WH,203039132349,1999.88,0,0
M1603-13,203039106348,1999.88,0,0
T18226-1,203039225195,2000,0,0
T1803-2,203039179933,2999.75,0,0
T20068-1,203039223088,2299.75,0,0
T21017-1,203039222025,2299.75,0,0
T21016-1,203039222024,2299.75,0,0
T21015-1,203039222023,2299.75,0,0
T21014-1,203039222022,2299.75,0,0
W18115-6,203039188102,2299.75,0,0
C1813-6,203039170816,2299.75,0,0
C1812-6WH,203039170805,2299.75,0,0
C1812-6BK,203039170804,2299.75,0,0
C1815-6DB,203039170803,2299.75,0,0
C1816-6,203039170802,2299.75,0,0
T1695-1,203039119389,2400,0,0
T18181-3,203039194875,2499.75,0,0
T1870-2,203039170825,2499.75,0,0
M1501-10,203038334761,2499.75,0,0
T1733-2,203039160310,2500,0,0
T1527-2,203039117892,2600,0,0
C1919-5,203039217821,2799.75,0,0
T19117-3,203039208862,2799.75,0,0
T18187-3,203039194872,2799.75,0,0
T18186-3,203039194870,2799.75,0,0
T21048-1,203039223912,2999.75,0,0
T21047-1,203039223911,2999.75,0,0
T21041-1,203039223907,2999.75,0,0
T21024-1,203039223903,2999.75,0,0
TS21027-1,203039223902,2999.75,0,0
T18185-2,203039194879,2999.75,0,0
C1583-6,203039156938,2999.75,0,0
RW16314-6,203039155673,3000,0,0
T1832-1,203039179940,3200,0,0
T19116-4,203039208861,3299.75,0,0
T1805-1,203039179935,3359.83,0,0
T16321-2WH,203039136582,3499.75,0,0
C1822-9,203039181921,3799.75,0,0
M1701-19,203039162050,3800,0,0
RW16329-11,203039126453,3900,0,0
123156-8,203039231485,5999,0,0
123154-8,203039231483,5999,0,0
T21051-1,203039223909,3999.75,0,0
T1975-2,203039210983,3999.75,0,0
TS19128-2,203039210980,3999.75,0,0
T18184-3,203039194878,3999.75,0,0
T18188-3,203039194874,3999.75,0,0
C1828-11,203039170801,3999.75,0,0
703195-4R,203038310296,4000,0,0
R1940-4,203039219541,4299.75,0,0
M1946-19,203039214052,4299.75,0,0
W18369-10,203039195067,4299.75,0,0
T18183-5,203039194877,4599.75,0,0
M1944-21,203039214051,4799.75,0,0
123155-10,203039231484,7999,0,0
122012-8,203039230218,4999,0,0
T16325-2WH,203039136579,4999.75,0,0
M1762-9,203010419895,4999.75,0,0
M1647-10,203039125835,5499.75,0,0
M1523-9,203039106343,5499.75,0,0
M1525-9,203039104684,5499.75,0,0
TS19132-2,203039229250,5999.75,0,0
TS19131-2,203039229249,5999.75,0,0
D20024-5,203039226639,5999.75,0,0
T1954-1,203039204155,5999.75,0,0
T1953-1,203039204154,5999.75,0,0
T1952-1,203039204153,5999.75,0,0
T1948-1,203039204149,5999.75,0,0
T1947-1,203039204148,5999.75,0,0
T1962-1,203039204146,5999.75,0,0
T1961-1,203039204145,5999.75,0,0
T1965-1,203039204144,5999.75,0,0
C1831-7,203039186973,5999.75,0,0
C1826-1,203039179924,5999.75,0,0
T1843-1,203039190256,5999.85,0,0
T19136-1,203039229254,6299.75,0,0
T19134-1,203039229252,6299.75,0,0
T19135-1,203039229253,6999.75,0,0
D20060-5,203039223721,6999.75,0,0
D20059-5,203039223720,6999.75,0,0
T18113-3WH,203039186990,6999.75,0,0
RD16402-12,203039212021,7500,0,0
T1842-1,203039179939,7799.85,0,0
T19143-7,203039219583,7999.75,0,0
C1721-13,203039160205,7999.75,0,0
RM1545-10,203038297887,8000,0,0
122023-4,203039231320,8999,0,0
122021-4,203039231319,8999,0,0
122022-4,203039231318,8999,0,0
D16629-6,203039142125,8999.75,0,0
D16628-6,203039142124,8999.75,0,0
D20007-4,203039226642,9999.75,0,0
D1996-12,203039220526,9999.75,0,0
D1983-12,203039220525,9999.75,0,0
D1990-12,203039220523,9999.75,0,0
C1840-12,203039194432,9999.75,0,0
M1756-29,203039160226,10999.75,0,0
5021126-10,203039146364,12000,0,0
122052-15,203039231324,12999,0,0
122051-15,203039231323,12999,0,0
D21030-12,203039226631,12999.75,0,0
D20043-10,203039223730,12999.75,0,0
D20065-10,203039223729,12999.75,0,0
D20064-10,203039223728,12999.75,0,0
D1925-8,203039211087,12999.75,0,0
D1924-8,203039211086,12999.75,0,0
T1963-3,203039204143,12999.75,0,0
D1971-10,203039220456,14999.75,0,0
D20056-13,203039223724,17999.75,0,0
D1923-13,203039211085,17999.75,0,0
D1922-13,203039211084,17999.75,0,0
D18192-12,203039201549,17999.75,0,0
D17173-17,203039161050,18995,0,0
D1936-13,203039211091,19999.75,0,0
D1932-10,203039211089,19999.75,0,0
D18199-13,203039201548,19999.75,0,0
D18198-13,203039201547,19999.75,0,0
122027-13,203039231322,22999,0,0
122026-13,203039231321,22999,0,0
D21036-20,203039226633,22999.75,0,0
D21035-20,203039226632,22999.75,0,0
D19127-16,203039211430,22999.75,0,0
D20071-17,203039223734,24999.75,0,0
D1981-15,203039220457,24999.75,0,0
M1807-30,203039181920,38999.75,0,0
123174-8,203010426521,3999,0,0
123173-10,203039230219,4999,0,0
123172-8,203010426521,3999,0,0
D1943-10,203039209747,9999.75,0,0
123253-10,203039227043,4999,0,0
123159-8,203039226638,5999.75,0,0
123158-10,203039197339,7999.75,0,0
123157-8,203039226638,5999.75,0,0
T1960-1,203039204140,3999.75,0,0
T1959-1,203039204139,3999.75,0,0
T1958-1,203039204138,3999.75,0,0
T1951-1,203039204152,5999.75,0,0
T1950-1,203039204151,5999.75,0,0
T1949-1,203039204150,5999.75,0,0
123177-8,203039226638,5999.75,0,0
123176-10,203039197339,7999.75,0,0
123175-8,203039226638,5999.75,0,0
122025-4,203039226630,8999.75,0,0
122024-4,203039226630,8999.75,0,0
123025-21,203039226634,22999.75,0,0
123198-8,203039223842,3999.75,0,0
123196-8,203039223842,3999.75,0,0
123171-8,203039223842,3999.75,0,0
123170-10,203039230217,4999,0,0
123169-8,203039223842,3999.75,0,0
T18236-1,203039136567,899.88,0,0
T18235-1,203039136567,899.88,0,0
1122008-1,203039223908,2999.75,0,0
1122007-1,203039223908,2999.75,0,0
T1847-2,203039179934,2659.83,0,0
T18165-2BK,203039193609,3299.75,0,0
123251-10,203039197339,7999.75,0,0
123186-8,203039226638,5999.75,0,0
123185-10,203039197339,7999.75,0,0
123184-8,203039226638,5999.75,0,0
T1867-4,203039204141,5999.75,0,0
822021-20,203039129015,6999.75,0,0
T21006-2,203039194876,2999.75,0,0
T21003-2,203039208864,2299.75,0,0
SW22125-12,203039219807,3999,0,0
SW22126-12,203039219807,3999,0,0
RT15341-3,203039179718,3999.88,0,0
C1834-6,203039186976,3999.75,0,0
SC1701-10,203039186972,4999.75,0,0
123041-20,203039226633,22999.75,0,0
C1912-4,203039208858,2799.75,0,0
SW22050-25,203039227040,12999,0,0
SW22049-25,203039227040,12999,0,0
M1802-7,203039228068,6999,0,0
RW16318-6,203039227032,1499,0,0
T1955-2,203039179938,8000,0,0
T16202-1,203039135016,1399.88,0,0
T16110-1,203039224023,499.75,0,0
T16112-1,203039223964,799.75,0,0
T18217-1,203039223964,799.75,0,0
TS19107-1,203039223086,2299.75,0,0
D17181-10,203039181428,6499.88,0,0
T18176-2BK,203039193608,1499.88,0,0
T18175-2WH,203039193608,1499.88,0,0
T18163-1BK,203039193608,1499.88,0,0
T18162-1WH,203039193606,999.88,0,0
T18127-1,203039189958,1399.88,0,0
T18125-1,203039195821,1399.88,0,0
T18110-1WH,203039186996,1149.88,0,0
T18110-1BK,203039186995,1149.88,0,0
T18109-1BK,203039186993,749.88,0,0
T1808-2CG,203039186021,6499.88,0,0
T1807-6,203039186092,4999.88,0,0
T1806-13,203039179717,7499.88,0,0
T1676-2,203039194421,1649.88,0,0
T1675-2,203039194421,1649.88,0,0
T1674-2,203039194421,1649.88,0,0
T1672-2,203039194421,1649.88,0,0
T1670-2,203039194421,1649.88,0,0
T16330-1BK,203039136564,899.88,0,0
T16329-1BK,203039136568,899.88,0,0
T16327-1BK,203039136564,899.88,0,0
T16326-1WH,203039136564,899.88,0,0
T16326-1BK,203039136564,899.88,0,0
T16318-2WH,203039195821,1399.88,0,0
T16318-2BK,203039195821,1399.88,0,0
T16143-1,203039112637,899.88,0,0
T1579-2,203039195821,1399.88,0,0
T1578-2,203039195821,1399.88,0,0
T1577-1,203039195821,1399.88,0,0
T1576-1,203039195821,1399.88,0,0
T1542-5,203039186092,4999.88,0,0
T1541-4,203039179718,3999.88,0,0
T1524-1,203039117891,2499.88,0,0
T1522-2,203039117891,2499.88,0,0
T1518-1,203038323291,124.88,0,0
T1517-1,203038323291,124.88,0,0
T1516-1,203038323292,149.88,0,0
T1515-1,203038323290,149.88,0,0
RW16328-6,203039188104,1149.88,0,0
D1892-9,203039186089,7499.88,0,0
D1798-6BL,203039181433,4999.88,0,0
D16616-10,203039181427,6499.88,0,0
D16456-6N,203039161052,3997.5,0,0
D16397-13,203039121863,7497.5,0,0
D16375-6,203039123031,1000,0,0
D16374-6,203039123031,1000,0,0
D16373-6,203039123031,1000,0,0
C1725-6,203039160213,2799.83,0,0
C1722-7BK,203039160218,2799.83,0,0
C1716-5,203039160214,2309.83,0,0
C1649-3,203039193605,999.88,0,0
C1647-3,203039193605,999.88,0,0
C1644-3,203039193605,999.88,0,0
C1643-3,203039193605,999.88,0,0
C1641-3,203039193605,999.88,0,0
C1640-3,203039193605,999.88,0,0
713192-1BBL,203039194430,299.75,0,0
711150-2TY,203039194423,2149.88,0,0
703165-2,203039186981,2499.88,0,0
703164-2,203039186981,2499.88,0,0
703163-2,203039186981,2499.88,0,0
5021141-14S,203038319745,11475,0,0
1621389-5,203039188104,1149.88,0,0
W19276-8,203039188117,3499.88,0,0
W19265-10,203039188119,4999.88,0,0
W18297-8,203039193997,1499.88,0,0
W18296-8,203039193997,1499.88,0,0
W18277-10,203039179950,1899.88,0,0
W18274-10,203039179950,1899.88,0,0
W18257-10,203039193632,1999.88,0,0
W18255-10N,203039193632,1999.88,0,0
W18255-10,203039193632,1999.88,0,0
W18254-10N,203039193632,1999.88,0,0
W18254-10,203039193632,1999.88,0,0
W18166-17,203039188113,5999.88,0,0
W18164-14,203039188120,4999.88,0,0
W18163-14,203039188119,4999.88,0,0
W18161-11,203039188117,3499.88,0,0
W18158-11,203039188114,3499.88,0,0
W17235-8,203039162707,4799.85,0,0
W17180-8,203039154160,1499.88,0,0
W17179-8,203039154160,1499.88,0,0
W15315-4,203039228411,899,0,0
W15314-4,203039228411,899,0,0
TS1932-4,203039195818,2309.83,0,0
TS18180-1WH,203039186997,1499.88,0,0
TS18180-1BK,203039186997,1499.88,0,0
TS18136-1,203039189966,1399.88,0,0
T1991-1,203039179711,1259.83,0,0
T1990-1,203039179711,1259.83,0,0
T1989-1,203039179711,1259.83,0,0
T1988-1,203039179711,1259.83,0,0
T1987-1,203039179711,1259.83,0,0
T1986-1,203039179711,1259.83,0,0
T1985-1,203039200540,909.83,0,0
T1984-1,203039200540,909.83,0,0
T1983-1,203039200540,909.83,0,0
T1982-1,203039200540,909.83,0,0
T1981-1,203039200540,909.83,0,0
T1980-1,203039200540,909.83,0,0
T1972-2,203039201664,2799.83,0,0
T1935-1,203039209194,279.83,0,0
T1934-1,203039209193,279.83,0,0
T1929-1,203039195815,1609.83,0,0
T1916-1,203039194427,1609.83,0,0
T1913-1,203039194424,2099.83,0,0
T1863-1N,203039195826,999.88,0,0
T1863-1,203039195826,999.88,0,0
T1860-1BK,203039178458,1249.88,0,0
T1859-2WH,203039179705,1499.88,0,0
T1859-2BK,203039179705,1499.88,0,0
T1856-2BK,203039179705,1499.88,0,0
T1852-2,203039170817,1999.88,0,0
T18228-1,203039195826,999.88,0,0
T18179-1WH,203039193608,1499.88,0,0
T18178-2WH,203039193608,1499.88,0,0
T18178-2BK,203039193608,1499.88,0,0
1086028-10WH,203039212020,4500,0,0
1086027-10WH,203039212020,4500,0,0
1086027-10BK,203039212020,4500,0,0
0374271-4,203039193605,999.88,0,0
0374270-4,203039193605,999.88,0,0
T16313-1WH,203039210982,1999.75,0,0
1122006-2,203039226934,3999,0,0
T19140-4,203039219776,3299.75,0,0
T21052-1,203039223917,499.75,0,0
T21054-1,203039223917,499.75,0,0
T21067-1,203039223919,699.75,0,0
C1722-7,203039160218,2799.83,0,0
C1825-7,203039186972,4999.75,0,0
T21050-1,203039223908,2999.75,0,0
T1856-2WH,203039179705,1499.88,0,0
T21138-1,203039224026,199.75,0,0
T15227-1,203039132357,499.88,0,0
1322100-10,203010426523,3999,0,0
1322097-10,203010426521,3999,0,0
1322087-8,203010426519,2299,0,0
1322086-8,203010426518,2299,0,0
1322085-8,203010426517,2299,0,0
1322084-8,203010426516,2299,0,0
1322078-8,203010426515,2299,0,0
1322077-8,203010426514,2299,0,0
1322075-8,203010426512,2299,0,0
1322072-8,203010426511,2299,0,0
1322071-8,203010426510,2299,0,0
1174827-13,203039179936,9000,0,0
1322051-8,203039230236,2299,0,0
1322050-8,203039230235,2299,0,0
1322049-8,203039230235,2299,0,0
1322045-8,203039230231,2299,0,0
1322044-8,203039230230,2299,0,0
1322043-8,203039230229,2299,0,0
1322048-8,203039230234,2299,0,0
1322047-8,203039230233,2299,0,0
1322046-8,203039230232,2299,0,0
W21738-12,203039227747,3999,0,0
W21002-10,203039226112,2799.75,0,0
D17215-6,203039161039,2499.88,0,0
T21025-2,203039223904,4799.75,0,0
TS1917-1,203039200542,2099.83,0,0
522003-6,203039170806,1999.75,0,0
M22002-5,203039208856,999.75,0,0
T18175-2BK,203039160309,2000,0,0
T18168-1BK,203039132351,1399.88,0,0
T1644-1,203039223905,2999.75,0,0
D1960-12,203039211435,9999.75,0,0
D1958-12,203039211433,9999.75,0,0
D17222-6,203039161040,4999.75,0,0
W21011-6,203039226113,1499.75,0,0
122013-8,203039230219,4999,0,0
122005-8,203039230216,4999,0,0
M21001-6,203039226080,3999.75,0,0
W21609-4N,203039228411,899,0,0
W21608-4N,203039228410,899,0,0
W21607-4N,203039228409,899,0,0
T21061-1,203039223964,799.75,0,0
T21057-1,203039223917,499.75,0,0
T21119-1,203039223922,799.75,0,0
D21025-10,203039226628,8999.75,0,0
SW22087-12,203039223723,6999.75,0,0
M1854-27,203039202881,10999.75,0,0
D1992-12,203039220524,9999.75,0,0
T21131-1,203039194430,299.75,0,0
T21049-1,203039223908,2999.75,0,0
T1523-1,203039153029,3500,0,0
T1697-1,203039119391,2400,0,0
T16313-1BK,203039132352,999.88,0,0
703157-5,203039198203,6000,0,0
T21046-1,203039223910,2999.75,0,0
T21040-1,203039223906,2999.75,0,0
T21026-2,203039223905,2999.75,0,0
O21002-1,203039223914,1499.75,0,0
O21001-1,203039223913,1999.75,0,0
M1854-22,203039202880,9999.75,0,0
D21063-7G,203039226636,5999.75,0,0
D21035-20G,203039226632,22999.75,0,0
D21014-10G,203039223843,8999.75,0,0
D21018-12,203039223847,8999.75,0,0
D21016-10,203039223845,8999.75,0,0
D21019-7,203039223848,4999.75,0,0
D21017-7,203039226636,5999.75,0,0
T21145-1,203039194430,299.75,0,0
T21144-1,203039194430,299.75,0,0
T18215-1,203039223917,499.75,0,0
T20074-1,203039223695,1999.75,0,0
522002-6,203039170806,1999.75,0,0
D20041-6,203039217819,2999.75,0,0
D20040-8,203039217818,4999.75,0,0
D20039-6,203039217817,2999.75,0,0
W21419-8,203039227729,2799,0,0
W21418-8,203039227728,2799,0,0
W21407-8,203039227725,2799,0,0
W21406-8,203039227724,2799,0,0
W21393-8,203039227727,2799,0,0
W21392-8,203039227726,2799,0,0
W21388-8,203039227721,2799,0,0
W21379-8,203039227718,2799,0,0
W21377-8,203039227716,2799,0,0
W21375-8,203039227731,2799,0,0
W21361-8,203039227712,2799,0,0
W21353-8,203039227715,2799,0,0
W21435-8,203039227751,2999,0,0
W21434-8,203039227750,2999,0,0
W21431-8,203039227749,2999,0,0
122004-10,203039230982,8999,0,0
122002-10,203039230981,8999,0,0
122003-15,203039230980,12999,0,0
122001-15,203039230979,12999,0,0
T21114-1,203039223917,499.75,0,0
T21115-1,203039223917,499.75,0,0
T21123-1,203039223917,499.75,0,0
T18218-1,203039223964,799.75,0,0
T18216-1,203039214061,699.75,0,0
709115-1,203039160309,2000,0,0
709116-1,203039160309,2000,0,0
W21466-4,203039228411,899,0,0
W21465-4,203039228411,899,0,0
W21464-4,203039228411,899,0,0
W21463-4,203039228411,899,0,0
T21084-2,203039223916,2299.75,0,0
T21083-1,203039223914,1499.75,0,0
T21082-1,203039223914,1499.75,0,0
T21081-1,203039223914,1499.75,0,0
T15306-1,203039153024,500,0,0
T15305-1,203039153024,500,0,0
SW21527-8,203039227748,2999,0,0
SW21175-8,203039227719,2799,0,0
D18281-5,203039208869,3999.75,0,0
D18280-5,203039208868,3999.75,0,0
122032-5,203039208869,3999.75,0,0
122031-5,203039208868,3999.75,0,0
522001-4,203039208857,2799.75,0,0
T1966-1,203039204156,5999.75,0,0
T19129-1,203039229251,6999.75,0,0
T19153-1,203039204147,5999.75,0,0
W19275-8,203039219810,4299.75,0,0
RD16400-10,203039227044,9999,0,0
C1821-21,203039229713,4999.75,0,0
M21023-9,203039227153,10999,0,0
T21112-1,203039224023,499.75,0,0
T21116-1,203039223922,799.75,0,0
T21143-1,203039194430,299.75,0,0
T21129-1,203039194430,299.75,0,0
T21136-1,203039224024,199.75,0,0
M22003-6,203039194441,1999.75,0,0
M22001-5,203039208856,999.75,0,0
D20001-10,203039226637,12999.75,0,0
W1959-16,203039227040,12999,0,0
C21005-3,203039160219,999.75,0,0
C21004-3,203039160219,999.75,0,0
C21003-4,203039136564,1799.75,0,0
C21002-9,203039160214,3299.75,0,0
C21001-9,203039160208,3999,0,0
C20022-8,203039160210,3999.75,0,0
C20021-1,203039170822,899.75,0,0
C20020-1,203039170822,999.75,0,0
C20019-1,203039223085,1799.75,0,0
C20017-1,203039223085,1799.75,0,0
C20016-1,203039170822,999.75,0,0
C20015-1,203039170822,999.75,0,0
C20014-1,203039170822,999.75,0,0
C20013-1,203039156937,2999.75,0,0
C20012-1,203039160217,4999.75,0,0
C20011-1,203039160217,4999.75,0,0
C20010-3,203039156937,2999.75,0,0
C20009-2,203039186993,1499.75,0,0
C20008-10,203039186974,5999.75,0,0
C20006-10,203039160215,6999.75,0,0
C20002-9,203039160217,4999.75,0,0
C20001-10,203039170813,3999.75,0,0
C1803-5,203039170813,1999.75,0,0
M22007-9,203039194443,2999.75,0,0
M22006-8,203039194443,2999.75,0,0
M22005-6,203039194441,1999.75,0,0
M22004-6,203039194441,1999.75,0,0
T18219-1,203039195821,1399.88,0,0
T1807-4,203039179718,3999.88,0,0
T1735-1,203039161035,1799.75,0,0
C1724-6,203039160212,2799.83,0,0
T18230-1,203039195827,1999.75,0,0
T18130-1,203039189960,1999.75,0,0
T1671-2,203039112622,1649.88,0,0
W18298-8,203039193998,2999.75,0,0
W18205-18,203039193629,4299.75,0,0
TS18137-1,203039189966,2799.75,0,0
M1717-12,203039162071,2799.83,0,0
W1948-10,203039210248,8999.75,0,0
D1795-10,203039181431,19999.75,0,0
C1836-2,203039186968,7999.75,0,0
W18308-8,203039194002,2999.75,0,0
T1857-1BK,203039179710,1800,0,0
T18198-1,203039194420,2499.75,0,0
T18196-2,203039194422,1999.88,0,0
T1808-2S,203039186019,6499.88,0,0
TS1999-1,203039200540,1299.75,0,0
TS1992-1,203039200542,2999.75,0,0
TS19115-1,203039208867,3999.75,0,0
TS1895-1,203039186984,9999.75,0,0
T1942-3,203039201664,3999.75,0,0
T1898-1,203039186986,9999.75,0,0
T18229-1,203039195826,1999.75,0,0
T18163-1WH,203039193608,2999.75,0,0
T18162-1BK,203039193605,1999.75,0,0
T1815-2,203039170821,2999.75,0,0
M1790-12,203039184393,2400,0,0
M1763-4,203039147368,2299.75,0,0
M1644-12,203039123114,1979.85,0,0
M1513-21,203038336396,3499.88,0,0
D1883-8,203039186092,9999.75,0,0
T1938-1,203039209197,249.75,0,0
T1937-1,203039209196,249.75,0,0
T1940-2,203039201662,3299.75,0,0
W18114-6,203039188104,2299.75,0,0
T18195-1,203039194419,2999.75,0,0
T1804-1,203039179934,3799.75,0,0
T1802-2,203039235267,3999,0,0
TS18194-2,203039194547,3299.75,0,0
T18197-2,203039194423,4299.75,0,0
T18193-2,203039194547,1649.88,0,0
T1840-1,203039179937,10000,0,0
C1838-4,203039186970,7999.75,0,0
C1837-5,203039186969,9999.75,0,0
D18156-14,203039183923,16999.75,0,0
T1699-2,203039119393,2400,0,0
D21026-10,203039226630,8999.75,0,0
D21063-7,203039226636,5999.75,0,0
T21068-1,203039223920,699.75,0,0
T21012-1,203039222020,3299.75,0,0
C1901-3,203039194434,2299.75,0,0
T21013-1,203039222021,3299.75,0,0
D21015-10,203039223844,8999.75,0,0
D20105-6,203039227096,8999.75,0,0
W21720-12,203039227745,3999,0,0
D1943-10G,203039209747,9999.75,0,0
W21722-12,203039227746,3999,0,0
T21135-1,203039224026,199.75,0,0
O21004-1,203039223916,2299.75,0,0
O21003-1,203039223915,2299.75,0,0
C1843-6,203039229712,4999.75,0,0
C1810-3,203039170807,999.75,0,0
D1945-15G,203039209745,9999.75,0,0
W21684-12,203039227736,3999,0,0
C1833-6,203039229713,4999.75,0,0
C1820-6BK,203039170815,1999.75,0,0
D21017-7N,203039226636,5999.75,0,0
C1911-5,203039208857,2799.75,0,0
D1941-19G,203039209744,18999.75,0,0
T21066-1,203039223919,699.75,0,0
M21002-6,203039226081,2999.75,0,0
W21737-8,203039227744,2299,0,0
W21681-8,203039227732,2299,0,0
D1946-20G,203039209746,14999.75,0,0
T21122-1,203039223963,799.75,0,0
T21071-1,203039224023,499.75,0,0
T21070-1,203039223921,699.75,0,0
T21133-1,203039224024,199.75,0,0
T21134-1,203039224025,199.75,0,0
W19205-19,203039219810,4299.75,0,0
W19204-19,203039219809,4299.75,0,0
T1976-2,203039210984,3999.75,0,0
T19139-6,203039219775,3999.75,0,0
M1943-14,203039214050,3299.75,0,0
W21540-7,203039228242,2299,0,0
W21159-6,203039227318,1499,0,0
T1973-1,203039210981,1999.75,0,0
M21008-18,203039227153,10999,0,0
W21405-8,203039227723,2799,0,0
W21401-8,203039227720,2799,0,0
W21400-8,203039227719,2799,0,0
TS19127-2,203039210979,3999.75,0,0
T19141-3,203039219777,2799.75,0,0
T19138-3,203039208864,2299.75,0,0
W21533-7,203039228235,2299,0,0
W21163-10,203039227328,2999,0,0
W21048-12,203039227691,3999,0,0
W21047-12,203039227690,3999,0,0
W19209-13,203039227746,3999,0,0
W21063-7,203039227032,1499,0,0
D21048-9,203039227043,4999,0,0
W21076-7,203039227034,1499,0,0
W21078-7,203039227036,1499,0,0
W21077-7,203039227035,1499,0,0
M21021-4,203039227145,4999,0,0
M21021-3,203039227146,3999,0,0
M21020-4,203039227142,4999,0,0
M21021-2,203039227147,2299,0,0
M21020-2,203039227144,2299,0,0
W21073-7,203039227030,1499,0,0
W21069-7,203039227027,1499,0,0
W21068-7,203039227027,1499,0,0
W21162-10,203039227327,2999,0,0
TS20063-1,203039223084,799.75,0,0
T21107-2,203039226934,3999,0,0
M21014-4,203039226109,1300,0,0
W21608-4,203039228410,899,0,0
W21607-4,203039228409,899,0,0
W21082-7,203039227039,1499,0,0
W21074-7,203039227031,1499,0,0
W21072-7,203039227029,1499,0,0
W21064-7,203039227033,1499,0,0
T21108-2,203039226935,3999,0,0
M21013-6,203039226108,1500,0,0
W21070-7,203039227028,1499,0,0
T19122-4,203039208863,2799.75,0,0
W21005-10,203039226112,2799.75,0,0
W21045-12,203039227688,3999,0,0
W21044-12,203039227687,3999,0,0
W18367-10,203039195065,4299.75,0,0
W18366-10,203039195064,4299.75,0,0
W18365-10,203039195063,4299.75,0,0
M21020-3,203039227143,3999,0,0
W21067-7,203039227026,1499,0,0
W21536-7,203039228238,2299,0,0
W21075-7,203039227037,1499,0,0
W21050-12,203039227693,3999,0,0
W21539-7,203039228241,2299,0,0
W21538-7,203039228240,2299,0,0
T18206-1,203039194430,299.75,0,0
T18204-1,203039209192,399.75,0,0
W21081-7,203039227038,1499,0,0
D21049-13N,203039227044,9999,0,0
M1924-10G,203039209743,9999.75,0,0
C1802-5,203039170812,1999.75,0,0
C1807-3,203039170809,1299.75,0,0
C1805-5,203039170806,1999.75,0,0
1323093-13,0,0,203839240952,3999
1323081-13,0,0,203839240950,3999
1323080-13,0,0,203839240950,3999
1323050-13,0,0,203839240950,3999
1324245-12,0,0,203839240956,6999
124040-5,0,0,203839255745,4999
124039-5,0,0,203839255745,4999
1324098-10 ,0,0,203839240952,3999
124014-12,0,0,203839258789,9999
1324248-12,0,0,203839240956,6999
1324247-12,0,0,203839240955,6999
1324181-8,0,0,203839245140,17999
1323076-13,0,0,203839240952,3999
1323061-13,0,0,203839240952,3999
1323062-13,0,0,203839240952,3999
1323071-13,0,0,203839240952,3999
1323075-13,0,0,203839245158,3999
1323057-13,0,0,203839245158,3999
1323072-13,0,0,203839245158,3999
1323100-13,0,0,203839245157,3999
1323105-13,0,0,203839245157,3999
1323109-13,0,0,203839245157,3999
1323068-13,0,0,203839245157,3999
123284-19,0,0,203839247483,48899
W22026-25 ,0,0,203839242114,12999
124092-6,0,0,203839250725,12999
124091-6 ,0,0,203839250725,12999
124090-6,0,0,203839250725,12999
1336325-15,0,0,203839223682,48888
1336324-15,0,0,203839223682,48888
124024-10,0,0,203839258792,8999
124018-12,0,0,203839258789,9999
124016-12,0,0,203839258791,9999
1324170-8,0,0,203839258786,2999
1324168-8,0,0,203839258785,2999
1324043-8A,0,0,203839229019,3500
1324042-6A,0,0,203839229019,3500
1324178-8,0,0,203839245140,17999
1324177-8,0,0,203839245140,17999
1175709-9,0,0,203839245134,6999
123132-6,0,0,203839245134,6999
124075-8,0,0,203839232689,5999
124074-8 ,0,0,203839232687,5999
124073-8  ,0,0,203839232689,5999
124072-8  ,0,0,203839232687,5999
1324176-8,0,0,203839245140,17999
1324012-5,0,0,203839231937,1999
1324056-5,0,0,203839231937,1999
1324055-5,0,0,203839231937,1999
1324184-8,0,0,203839245140,17999
1324183-8,0,0,203839245140,17999
1324182-8,0,0,203839245140,17999
1324008-10,0,0,203839223720,7999
1324007-10,0,0,203839223720,7999
1324002-10,0,0,203839223720,7999
124045-15,0,0,203839222605,12999
1324001-15,0,0,203839232688,11999
1324180-8,0,0,203839245140,17999
1324179-8,0,0,203839245140,17999
1324166-10,0,0,203839255747,4999
1324165-10,0,0,203839255747,4999
1324017-8,0,0,203839255746,4999
1324016-8,0,0,203839255746,4999
123439-16,0,0,203839222615,14999
123436-12,0,0,203839232688,11999
123489-12,0,0,203839232688,11999
123490-12,0,0,203839232688,11999
1324188-12,0,0,203839247482,29999
1324187-12,0,0,203839247479,29999
123413-12,0,0,203839232688,11999
1324186-12,0,0,203839247479,29999
1324185-12,0,0,203839247482,29999
124026-10,0,0,203839258792,8999
D16664-15,0,0,203839232640,10999
1322090-9,0,0,203839243400,2799
1324050-7,0,0,203839255747,4999
1324049-7,0,0,203839255746,4999
1324047-7,0,0,203839255747,4999
1324005-7,0,0,203839255746,4999
M1722-19,0,0,203839233256,3999
D1949-7G,0,0,203839186327,7999.75
1323111-13,0,0,203839240952,3999
1323048-13,0,0,203839240952,3999
1323047-13,0,0,203839240952,3999
1323046-13,0,0,203839240952,3999
123346-7,0,0,203839232687,5999
123345-10,0,0,203839223720,7999
123344-7,0,0,203839232687,5999
1324045-10,0,0,203839229062,2500
1324044-8,0,0,203839229062,2500
1324043-8,0,0,203839229062,2500
1324042-6,0,0,203839229062,2500
1324041-10,0,0,203839229019,3500
1324040-8,0,0,203839229059,3000
1324039-4,0,0,203839231950,2000
1324038-4,0,0,203839229016,1500
1324058-16,0,0,203839229059,3000
1324034-5,0,0,203839229059,3000
1324030-16,0,0,203839229059,3000
1324029-8,0,0,203839229027,7000
1324027-10,0,0,203839229059,3000
1324026-6,0,0,203839229052,5000
1324025-16,0,0,203839229052,5000
1324013-11,0,0,203839229059,3000
SW21732-12,0,0,203839240952,3999
D20014-8,0,0,203839186329,9999.75
D20012-8,0,0,203839186329,9999.75
WS19121-7,0,0,203839231950,2000
1324048-7,0,0,203839255747,4999
1324046-7,0,0,203839255746,4999
123380-11,0,0,203839255745,4999
123283-13,0,0,203839247482,29999
1323066-13,0,0,203839243022,3999
1323079-13,0,0,203839243023,3999
1323115-13,0,0,203839243023,3999
1323097-13,0,0,203839243022,3999
123403-7,0,0,203839232687,5999
123402-7,0,0,203839232689,5999
123401-7,0,0,203839232687,5999
123425-7,0,0,203839217974,6999
123423-7,0,0,203839217974,6999
1323114-13,0,0,203839240952,3999
1323049-13,0,0,203839240952,3999
1323119-13,0,0,203839240950,3999
1323091-13,0,0,203839240950,3999
1323056-13,0,0,203839240950,3999
W19328-8,0,0,203839232689,5999
123411-12,0,0,203839232688,11999
123137-8,0,0,203839188156,6999
1323058-13,0,0,203839240952,3999
1323070-13,0,0,203839240952,3999
D16668-15,0,0,203839222611,10999
123302-7,0,0,203839222615,14999
M1643-12,0,0,203839231950,2000
123335-20,0,0,203839222615,14999
1323141-10,0,0,203839222629,2999
1323140-10,0,0,203839222629,2999
1323121-13,0,0,203839240952,3999
1323120-13,0,0,203839240952,3999
1323118-13,0,0,203839240952,3999
1323117-13,0,0,203839240952,3999
1323113-13,0,0,203839240952,3999
1323102-13,0,0,203839240952,3999
1323101-13,0,0,203839240952,3999
1323089-13,0,0,203839240952,3999
1323087-13,0,0,203839240950,3999
1323086-13,0,0,203839240950,3999
1323052-13,0,0,203839240950,3999
1323051-13,0,0,203839240950,3999
1323045-13,0,0,203839240950,3999
1323044-13,0,0,203839240950,3999
1323042-8,0,0,203839223649,2299
1323036-8,0,0,203839223649,2299
1323035-8,0,0,203839223649,2299
1323031-8,0,0,203839223649,2299
1323125-12,0,0,203839240950,3999
1323124-12,0,0,203839240950,3999
1323123-12,0,0,203839240950,3999
1323122-12,0,0,203839240950,3999
123487-5,0,0,203839233513,4999
123486-10,0,0,203839223720,7999
123485-5,0,0,203839233512,4999
123475-8,0,0,203839217974,6999
123474-8,0,0,203839222602,6999
123473-8,0,0,203839217974,6999
123460-6,0,0,203839233513,4999
123459-6,0,0,203839233512,4999
123458-6,0,0,203839233513,4999
123457-6,0,0,203839233512,4999
123456-6,0,0,203839233513,4999
123455-6,0,0,203839233512,4999
123484-8,0,0,203839222602,6999
123483-8,0,0,203839217974,6999
123482-8,0,0,203839222602,6999
123472-8,0,0,203839245136,6999
123471-8,0,0,203839245135,6999
123470-8,0,0,203839245134,6999
123500-10,0,0,203839222595,8999
123499-10,0,0,203839222595,8999
123496-12,0,0,203839232688,11999
123492-12,0,0,203839232688,11999
123466-8,0,0,203839245136,6999
123465-8,0,0,203839245135,6999
123464-8,0,0,203839245134,6999
123422-7,0,0,203839217974,6999
123421-12,0,0,203839232688,11999
123420-7,0,0,203839222602,6999
123397-5,0,0,203839233513,4999
123396-5,0,0,203839233512,4999
123395-5,0,0,203839233513,4999
123385-5,0,0,203839233512,4999
123384-5,0,0,203839233513,4999
123383-5,0,0,203839233512,4999
123491-12,0,0,203839232640,10999
123438-16,0,0,203839222615,14999
123433-20,0,0,203839233273,19999
D22020-5,0,0,203839233513,4999
123488-10,0,0,203839222604,8999
D22018-5,0,0,203839233512,4999
D21033-8,0,0,203839245136,6999
D21032-8,0,0,203839245135,6999
D21031-8,0,0,203839245134,6999
D21064-10,0,0,203839186329,9999.75
123296-10,0,0,203839223699,9999
123295-10,0,0,203839223699,9999
123311-10,0,0,203839222605,12999
123324-12,0,0,203839222605,12999
1323027-12,0,0,203839223699,9999
1323026-15,0,0,203839233255,10999
1323025-15,0,0,203839233255,10999
1323024-15,0,0,203839233255,10999
123232-8,0,0,203839232687,5999
M1722-12,0,0,203839110714,3999.75
W19114-6,0,0,203839229033,1800
W19113-6,0,0,203839229033,1800
W19112-6,0,0,203839229033,1800
W19216-16,0,0,203839231955,2800
1323131-8,0,0,203810430242,2299
1323130-8,0,0,203810430241,2299
1323110-13,0,0,203839243024,3999
1323088-13,0,0,203839243023,3999
1323085-13,0,0,203839243022,3999
1323084-13,0,0,203839240952,3999
1323083-13,0,0,203839240950,3999
1323082-13,0,0,203839245155,3999
1323077-13,0,0,203839245158,3999
1323074-13,0,0,203839245157,3999
1323073-13,0,0,203839245156,3999
1323067-13,0,0,203839245154,3999
1323064-13,0,0,203839245153,3999
1323060-13,0,0,203810430247,3999
1323059-13,0,0,203810430248,3999
1323040-8,0,0,203810430236,2299
1323037-8,0,0,203810430235,2299
1323034-8,0,0,203810430246,2299
1323033-8,0,0,203810430245,2299
1323032-8,0,0,203810430244,2299
1323030-8,0,0,203810430243,2299
1323029-8,0,0,203810430242,2299
1323028-8,0,0,203810430241,2299
123182-10,0,0,203839233513,4999
123194-10,0,0,203839233512,4999
123303-6,0,0,203839250726,12999
123302-6,0,0,203839250725,12999
123091-3,0,0,203839243400,2799
123090-3,0,0,203839243404,2799
123089-3,0,0,203839243403,2799
123071-3,0,0,203839243402,2799
123070-3,0,0,203839243401,2799
123069-3,0,0,203839243400,2799
123147-8,0,0,203839232689,5999
123146-10,0,0,203839223720,7999
123145-8,0,0,203839232687,5999
123252-10,0,0,203839223720,7999
123250-10,0,0,203839223720,7999
502785-14,0,0,203839204045,12950
1684428-26,0,0,203839229018,6000
1323020-12,0,0,203839233255,10999
1323019-12,0,0,203839233255,10999
1323018-12,0,0,203839232640,10999
123142-6,0,0,203839232689,5999
123261-10,0,0,203839223720,7999
123260-10,0,0,203839223720,7999
123001-18,0,0,203839222615,14999
123234-8,0,0,203839232689,5999
123226-8,0,0,203839232689,5999
123217-8,0,0,203839232687,5999
123219-8,0,0,203839232687,5999
123228-8,0,0,203839232687,5999
501511-15,0,0,203839229024,4500
123012-20,0,0,203839222616,24999
123073-3,0,0,203839243400,2799
123068-3,0,0,203839243401,2799
123067-3,0,0,203839243400,2799
123066-3,0,0,203839243401,2799
123097-3,0,0,203839243403,2799
123096-3,0,0,203839243402,2799
123095-3,0,0,203839243401,2799
123122-7,0,0,203839186937,6999
123037-20,0,0,203839222616,24999
123020-20,0,0,203839222616,24999
123144-17,0,0,203839223716,17999
0554310-9,0,0,203839231955,2800
0553540-10,0,0,203839220594,3299
WS19129-7,0,0,203839231955,2800
123033-20,0,0,203839222615,14999
123032-20,0,0,203839222615,14999
123031-20,0,0,203839222615,14999
123285-20,0,0,203839247484,48899
123284-20,0,0,203839247483,48899
123281-19,0,0,203839247480,48899
123283-11,0,0,203839247482,29999
123280-11,0,0,203839247479,29999
123282-8,0,0,203839247481,39999
123048-20,0,0,203839222616,24999
123015-20,0,0,203839222616,24999
123014-20,0,0,203839222616,24999
123227-10,0,0,203839223720,7999
WS19123-7,0,0,203839231955,2800
WS19122-7,0,0,203839231955,2800
122047-20G,0,0,203839245142,17999
122045-20G,0,0,203839245141,17999
123225-8,0,0,203839232686,3999
123223-8,0,0,203839232686,3999
123192-8,0,0,203839232686,3999
123189-8,0,0,203839232686,3999
123187-8,0,0,203839232685,3999
123183-8,0,0,203839232685,3999
WS19128-7,0,0,203839231950,2000
WS19127-7,0,0,203839231950,2000
123277-8,0,0,203839241026,4999
123276-8,0,0,203839241026,4999
123274-8,0,0,203839241026,4999
123267-8,0,0,203839241026,4999
123268-8,0,0,203839241026,4999
123273-8,0,0,203839241025,4999
123272-8,0,0,203839241025,4999
123271-8,0,0,203839241025,4999
123270-8,0,0,203839241025,4999
123269-8,0,0,203839241025,4999
123265-8,0,0,203839241025,4999
1177152-6,0,0,203839229024,4500
D18187-10,0,0,203839226839,10000
123213-8,0,0,203839232686,3999
123211-8,0,0,203839232685,3999
123057-4,0,0,203839232237,1499
123056-4,0,0,203839232236,1499
123059-4,0,0,203839232235,1499
123054-4,0,0,203839232234,1499
123203-10,0,0,203839233513,4999
123188-10,0,0,203839233512,4999
123231-8,0,0,203839232686,3999
123229-8,0,0,203839232686,3999
123216-8,0,0,203839232685,3999
123214-8,0,0,203839232683,3999
123109-8,0,0,203839240954,6999
123107-8,0,0,203839240953,6999
123179-10,0,0,203839233512,4999
SW22036-25,0,0,203839242115,12999
SW22039-25,0,0,203839242115,12999
SW22051-25,0,0,203839242115,12999
D18227-5,0,0,203839233272,19999
123230-10,0,0,203839233512,4999
123115-7,0,0,203839223678,3999
123113-7,0,0,203839223678,3999
123221-10,0,0,203839233513,4999
123215-10,0,0,203839233512,4999
123190-8,0,0,203839223678,3999
123153-8,0,0,203839223678,3999
123152-10,0,0,203839233512,4999
123151-8,0,0,203839223678,3999
123028-24,0,0,203839222615,14999
123024-20,0,0,203839222615,14999
123021-20,0,0,203839222615,14999
123013-20,0,0,203839222615,14999
123008-18,0,0,203839245137,9999
RW19116-8,0,0,203839229016,1500
D18163-10,0,0,203839136865,6999.75
D18247-10,0,0,203839147352,7999.75
D18161-10Y,0,0,203839136865,6999.75
0372714-5,0,0,203839245159,899
RW16312-10,0,0,203839233916,4999
1502973-13,0,0,203839223686,29999
174779-19,0,0,203839222596,12950
823002-32,0,0,203839222615,14999
1506763-28M,0,0,203839222594,17999
W1587-11,0,0,203839229062,2500
W1784-11,0,0,203839110714,3999.75
W15284-11,0,0,203839227190,2000
W1722-10,0,0,203839229059,3000
W16211-10,0,0,203839227190,2000
W1748-11,0,0,203839110714,3999.75
W15307-11,0,0,203839231951,2500
W1588-11,0,0,203839229017,2000
1322035-8,0,0,203839240949,2299
1322002-9,0,0,203839243402,2799
SW22084-12,0,0,203839240955,6999
122018-10,0,0,203839229027,7000
122017-10,0,0,203839229027,7000
122042-8,0,0,203839245139,9999
122041-10,0,0,203839245138,12999
122040-8,0,0,203839245137,9999
123275-8,0,0,203839245147,4999
123266-8,0,0,203839245146,4999
1322101-10,0,0,203839245154,3999
1322099-10,0,0,203839245153,3999
1322083-8,0,0,203839245150,2299
1322082-8,0,0,203839245149,2299
1322081-8,0,0,203839245148,2299
1322105-13,0,0,203839245155,3999
1322104-13,0,0,203839245158,3999
1322103-13,0,0,203839245157,3999
1322102-13,0,0,203839245156,3999
1323003-5,0,0,203839245159,899
D16506-5,0,0,203839231950,2000
D16509-5,0,0,203839231950,2000
W17363-6,0,0,203839229017,2000
D18152-10,0,0,203839186937,6999
D18111-10,0,0,203839229027,7000
W17352-6,0,0,203839229017,2000
W1835-5,0,0,203839229019,3500
W1833-5,0,0,203839229019,3500
W1832-5,0,0,203839229019,3500
Sd16479-17,0,0,203839229018,6000
RD15256-21,0,0,203839229018,6000
RD15268-9,0,0,203839222623,4299
1206351-6TC,0,0,203839223713,5999
D16530-9,0,0,203839229023,3000
1504702-8M,0,0,203839229062,2500
D1728-6,0,0,203839223650,4999
123061-20,0,0,203839223707,14999
123011-18,0,0,203839223707,14999
123010-18,0,0,203839223707,14999
1322070-10,0,0,203810430247,3999
1322069-10,0,0,203810430248,3999
1322042-8,0,0,203810430242,2299
1322040-8,0,0,203810430241,2299
W22097-8,0,0,203810430236,2299
W22096-8,0,0,203810430235,2299
1322027-9,0,0,203810430240,2799
1322026-9,0,0,203810430239,2799
1322025-9,0,0,203810430238,2799
1322024-9,0,0,203810430237,2799
1322055-8,0,0,203810430246,2299
1322054-8,0,0,203810430245,2299
1322053-8,0,0,203810430244,2299
1322052-8,0,0,203810430243,2299
W22064-12,0,0,203810430234,6999
W22063-12,0,0,203810430233,6999
D18248-10,0,0,203839147352,7999.75
W17354-6,0,0,203839229017,2000
W17344-6,0,0,203839229017,2000
W17358-6,0,0,203839229017,2000
SW22057-12,0,0,203839240955,6999
W21025-11,0,0,203839240950,3999
W17239-9,0,0,203839229052,5000
1621894-12,0,0,203839229023,3000
W1527-6,0,0,203839231914,900
D16383-8,0,0,203839229017,2000
D16502-5,0,0,203839231955,2800
D16468-5,0,0,203839231955,2800
0422536-8,0,0,203839229049,2000
D1908-16,0,0,203839229050,8000
D21001-13,0,0,203839222595,8999
D21002-9,0,0,203839223650,4999
D18282-13,0,0,203839223650,4999
D18292-8,0,0,203839231943,4000
D1842-16,0,0,203839229024,4500
W1730-16,0,0,203839229062,2500
W1729-16,0,0,203839229062,2500
W22102-8,0,0,203839242123,2299
W22101-8,0,0,203839242122,2299
W22100-8,0,0,203839242121,2299
W22128-12,0,0,203839242125,3999
W22127-12,0,0,203839242124,3999
W22033-25,0,0,203839242113,12999
W22030-25,0,0,203839242110,12999
W22077-12,0,0,203839242120,6999
W22076-12,0,0,203839242119,6999
W22075-12,0,0,203839242118,6999
W22074-12,0,0,203839242117,6999
W22073-12,0,0,203839242116,6999
M22010-4,0,0,203839242083,2999
M22009-6,0,0,203839242082,3999
SW21421-8,0,0,203839243404,2799
SW22088-12,0,0,203839240956,6999
SW22081-12,0,0,203839240956,6999
1336325-18,0,0,203839223682,48888
1336324-18,0,0,203839223682,48888
W21423-8,0,0,203839243404,2799
W21356-8,0,0,203839243403,2799
W21355-8,0,0,203839243402,2799
DS18157-20,0,0,203839223716,17999
RW15377-8,0,0,203839229017,2000
W1790-10,0,0,203839229019,3500
1086202-10WHA,0,0,203839229014,7500
W1826-9,0,0,203839231921,4500
W1825-9,0,0,203839231921,4500
D20016-15,0,0,203839233271,19999
SW21136-8,0,0,203839233916,4999
1504356-9M,0,0,203839229019,3500
SW21701-8,0,0,203839240211,2299
D21062-7,0,0,203839232689,5999
D21060-7,0,0,203839232687,5999
D21013-5,0,0,203839232686,3999
D21010-5,0,0,203839232684,3999
D21009-5,0,0,203839232683,3999
W21096-7,0,0,203839231937,1999
W21098-7,0,0,203839231937,1999
W21097-7,0,0,203839231937,1999
M21051-12,0,0,203839233256,3999
M21052-19,0,0,203839233254,6999
SW21167-8,0,0,203839240211,2299
W22082-12,0,0,203839240955,6999
W21693-8,0,0,203839240951,2299
W21691-8,0,0,203839240949,2299
W21122-8,0,0,203839240948,4999
W21121-8,0,0,203839240947,4999
W21119-8,0,0,203839240945,4999
122014-8,0,0,203839241026,4999
122010-8,0,0,203839241025,4999
M21024-11,0,0,203839242795,6999
W22122-12,0,0,203839243024,3999
W22121-12,0,0,203839243023,3999
W22120-12,0,0,203839243022,3999
W22108-8,0,0,203839242791,2299
W22107-8,0,0,203839242790,2299
SW21715-8,0,0,203839240210,2299
W1922-8,0,0,203839222629,2999
SW22109-8,0,0,203839240210,2299
SW22106-8,0,0,203839240210,2299
SW22105-8,0,0,203839240210,2299
SW22013-8,0,0,203839222629,2999
SW22012-8,0,0,203839222629,2999
SW21717-8,0,0,203839240210,2299
SW21699-8,0,0,203839240211,2299
SW21581-8,0,0,203839240210,2299
SW21542-6,0,0,203839223652,1499
SW21541-6,0,0,203839223652,1499
SW21052-12,0,0,203839240950,3999
D20097-6,0,0,203839223711,5999
D20096-6,0,0,203839223711,5999
D21010-5N,0,0,203839232684,3999
122007-8,0,0,203839241022,4999
D21004-7,0,0,203839233513,4999
D21003-7,0,0,203839233512,4999
D21061-12N,0,0,203839232688,11999
D21060-7N,0,0,203839232687,5999
D1987-12,0,0,203839220470,9999
D21013-5N,0,0,203839232686,3999
D21009-5N,0,0,203839232683,3999
D21062-7N,0,0,203839232689,5999
D1988-12,0,0,203839223699,9999
D21011-5N,0,0,203839232685,3999.75
W16319-10,0,0,203839231920,2000
W18307-8,0,0,203839222630,2999
W18215-18,0,0,203839222623,4299
W1871-18,0,0,203839223660,4999
W1765-18,0,0,203839231962,2500
W1764-18,0,0,203839211830,3799
W17241-8,0,0,203839229044,4000
W18279-15,0,0,203839223660,4999
D1994-12,0,0,203839186329,9999
D19138-4,0,0,203839226844,2299
D19136-4,0,0,203839226843,2299
T1745-1,0,0,203839226830,900
T1744-1,0,0,203839226830,900
T1743-1,0,0,203839226830,900
W22083-12,0,0,203839240956,6999
W21120-8,0,0,203839240946,4999
W21095-7,0,0,203839231937,1999
W19327-11,0,0,203839220470,9999
W19326-11,0,0,203839220470,9999
W19259-8,0,0,203839217970,2299.75
W19198-13,0,0,203839220593,3299
W19186-13,0,0,203839240952,3999
W19182-13,0,0,203839240952,3999
W19181-13,0,0,203839220593,3299
W19179-13,0,0,203839220593,3299
W19177-13,0,0,203839240952,3999
W19175-13,0,0,203839240952,3999
W19173-13,0,0,203839217966,3299.75
W19172-13,0,0,203839217965,3299.75
W19171-13,0,0,203839217964,3299.75
W19170-13,0,0,203839217963,3299.75
W19132-8C,0,0,203839211831,3799.75
W19132-8,0,0,203839211831,3799.75
W19131-8C,0,0,203839211830,3799.75
W19131-8,0,0,203839211830,3799.75
W19102-2,0,0,203839195154,500
W1975-4,0,0,203839229045,800
W1974-5,0,0,203839229060,1000
W1921-8,0,0,203839210758,3999.75
W1920-8,0,0,203839210758,3999.75
W1918-8,0,0,203839210760,3999.75
W1915-8,0,0,203839210757,3999.75
W18395-10,0,0,203839240210,2299
W18394-10,0,0,203839240210,2299
W18388-10,0,0,203839240210,2299
RW15381-6,0,0,203839229045,800
162944-9,0,0,203839229016,1500
162594-9,0,0,203839229032,3000
502988-10,0,0,203839231936,6000
M1538-36,0,0,203839147350,12999.75
RD15252-7,0,0,203839231955,2800
1086202-10WHC,0,0,203839229014,7500
1205193-8,0,0,203839231912,1800
BM1915-19,0,0,203839204043,5999.75
BM1915-12,0,0,203839204041,2999.75
BM1913-12,0,0,203839204040,2999.75
M1860-6BK,0,0,203839195449,4999
M1858-10CG,0,0,203839223674,6999
M1858-10BK,0,0,203839195447,6999.75
M1857-8G,0,0,203839186322,5999.75
M1857-8CG,0,0,203839186322,5999.75
M1839-12,0,0,203839195452,9999.75
M1826-11,0,0,203839223673,8999
M17101-13,0,0,203839231943,4000
M1770-9,0,0,203839231948,3800
M1768-12,0,0,203839231946,3500
M1701-12,0,0,203839231938,2500
M1631-12,0,0,203839110714,3999.75
RM16478-10,0,0,203839231939,4000
T1753-1,0,0,203839226830,900
T1752-1,0,0,203839226830,900
T1751-1,0,0,203839226830,900
T1750-1,0,0,203839226830,900
T1749-1,0,0,203839226830,900
T1748-1,0,0,203839226830,900
T1747-1,0,0,203839226830,900
T1746-1,0,0,203839226830,900
D18118-10,0,0,203839188156,6999
D1969-10,0,0,203839222615,14999
D1968-6,0,0,203839222595,8999
D1967-6,0,0,203839222613,8995
D1951-10,0,0,203839217974,6999
D1950-7,0,0,203839217973,5999.75
D1949-7,0,0,203839217972,5999.75
D1948-7G,0,0,203839217971,5999.75
D1948-7,0,0,203839217971,5999.75
D1944-20,0,0,203839223707,14999.75
D1942-15,0,0,203839223707,14999
D18260-8,0,0,203810430233,6999
D18219-6,0,0,203839233272,19999
D18218-6,0,0,203839233271,19999
D18176-12,0,0,203839223699,9999
D18175-12,0,0,203839223699,9999
D18173-12,0,0,203839223699,9999
D18172-12,0,0,203839223699,9999
D18160-10Y,0,0,203839186937,6999
D18160-10,0,0,203839186937,6999
D18144-6,0,0,203839223650,4999
D18143-8Y,0,0,203839186327,7999.75
D18143-8,0,0,203839186327,7999.75
D18142-8Y,0,0,203839186327,7999.75
D18141-8Y,0,0,203839186327,7999.75
D18138-14Y,0,0,203839186329,9999.75
D18138-14,0,0,203839186329,9999.75
D18136-20G,0,0,203839186328,14999.75
D18135-19G,0,0,203839186328,14999.75
D18135-19,0,0,203839186328,14999.75
DS18133-20G,0,0,203839222619,19995
D18126-9,0,0,203839195149,4999
D18117-10,0,0,203839245135,6999
D18115-10,0,0,203839245134,6999
D17252-10,0,0,203839223684,24000
D17246-10,0,0,203839223692,24000
D17244-10,0,0,203839226822,24000
D17165-15,0,0,203839229014,7500
D16584-8,0,0,203839229049,2000
D16478-9,0,0,203839231957,3500
D16439-16,0,0,203839229018,6000
D16364-10,0,0,203839229033,1800
